Updated,ConfirmedChange,DeathsChange
02/26/2020,0,0
02/27/2020,0.0,0.0
02/28/2020,0.0,0.0
02/29/2020,1.0,0.0
03/01/2020,0.0,0.0
03/02/2020,0.0,0.0
03/03/2020,0.0,0.0
03/04/2020,2.0,0.0
03/05/2020,4.0,0.0
03/06/2020,6.0,0.0
03/07/2020,5.0,0.0
03/08/2020,6.0,0.0
03/09/2020,5.0,0.0
03/10/2020,4.0,0.0
03/11/2020,18.0,0.0
03/12/2020,24.0,0.0
03/13/2020,22.0,0.0
03/14/2020,23.0,0.0
03/15/2020,79.0,0.0
03/16/2020,34.0,0.0
03/17/2020,57.0,1.0
03/18/2020,137.0,3.0
03/19/2020,193.0,3.0
03/20/2020,343.0,4.0
03/21/2020,214.0,7.0
03/22/2020,368.0,7.0
03/23/2020,345.0,9.0
03/24/2020,310.0,12.0
03/25/2020,232.0,11.0
03/26/2020,482.0,20.0
03/27/2020,502.0,15.0
03/28/2020,487.0,22.0
03/29/2020,352.0,22.0
03/30/2020,323.0,23.0
03/31/2020,1138.0,42.0
04/01/2020,1119.0,39.0
04/02/2020,1074.0,59.0
04/03/2020,1146.0,60.0
04/04/2020,1222.0,72.0
04/05/2020,852.0,55.0
04/06/2020,926.0,67.0
04/07/2020,1661.0,114.0
04/08/2020,2210.0,133.0
04/09/2020,1930.0,141.0
04/10/2020,1781.0,115.0
04/11/2020,1089.0,68.0
04/12/2020,1442.0,99.0
04/13/2020,1261.0,105.0
04/14/2020,1832.0,204.0
04/15/2020,3058.0,204.0
04/16/2020,2105.0,188.0
04/17/2020,3257.0,217.0
04/18/2020,2917.0,206.0
04/19/2020,2055.0,115.0
04/20/2020,1927.0,113.0
04/21/2020,2498.0,166.0
04/22/2020,2678.0,165.0
04/23/2020,3735.0,407.0
04/24/2020,3503.0,357.0
04/25/2020,5514.0,346.0
04/26/2020,3379.0,189.0
04/27/2020,4613.0,338.0
04/28/2020,5385.0,474.0
04/29/2020,6276.0,449.0
04/30/2020,7218.0,435.0
05/01/2020,6209.0,428.0
05/02/2020,4970.0,421.0
05/03/2020,4588.0,275.0
05/04/2020,6633.0,296.0
05/05/2020,6935.0,600.0
05/06/2020,10503.0,615.0
05/07/2020,9888.0,610.0
05/08/2020,10222.0,751.0
05/09/2020,10611.0,730.0
05/10/2020,6760.0,496.0
05/11/2020,5632.0,396.0
05/12/2020,9883.0,942.0
05/13/2020,10760.0,688.0
05/14/2020,13944.0,844.0
05/15/2020,15305.0,824.0
05/16/2020,14919.0,816.0
05/17/2020,7938.0,485.0
05/18/2020,13140.0,674.0
05/19/2020,17408.0,1179.0
05/20/2020,19951.0,888.0
05/21/2020,18508.0,1188.0
05/22/2020,20803.0,1001.0
05/23/2020,16508.0,965.0
05/24/2020,15813.0,653.0
05/25/2020,11687.0,807.0
05/26/2020,16324.0,1039.0
05/27/2020,20599.0,1086.0
05/28/2020,26417.0,1156.0
05/29/2020,26928.0,1124.0
05/30/2020,33274.0,956.0
05/31/2020,16409.0,480.0
06/01/2020,11598.0,623.0
06/02/2020,28936.0,1262.0
06/03/2020,28633.0,1349.0
06/04/2020,30925.0,1473.0
06/05/2020,30830.0,1005.0
06/06/2020,27075.0,904.0
06/07/2020,18912.0,525.0
06/08/2020,15654.0,679.0
06/09/2020,32091.0,1272.0
06/10/2020,32913.0,1274.0
06/11/2020,30412.0,1239.0
06/12/2020,25982.0,909.0
06/13/2020,21704.0,892.0
06/14/2020,17110.0,612.0
06/15/2020,20647.0,627.0
06/16/2020,34918.0,1282.0
06/17/2020,32188.0,1269.0
06/18/2020,22765.0,1238.0
06/19/2020,54771.0,1206.0
06/20/2020,34666.0,1022.0
06/21/2020,17459.0,641.0
06/22/2020,21432.0,654.0
06/23/2020,39436.0,1374.0
06/24/2020,42725.0,1185.0
06/25/2020,39483.0,1141.0
06/26/2020,46860.0,990.0
04/08/2020,46860.0,990.0
04/14/2020,40.0,2.0
04/15/2020,9.0,0.0
04/16/2020,11.0,2.0
04/17/2020,25.0,0.0
04/18/2020,7.0,0.0
04/19/2020,21.0,1.0
04/20/2020,13.0,2.0
04/21/2020,19.0,0.0
04/22/2020,19.0,0.0
04/23/2020,13.0,2.0
04/24/2020,7.0,1.0
04/26/2020,45.0,0.0
04/27/2020,16.0,3.0
04/28/2020,16.0,2.0
04/29/2020,43.0,1.0
04/30/2020,50.0,2.0
05/01/2020,82.0,0.0
05/02/2020,67.0,3.0
05/03/2020,104.0,2.0
05/04/2020,76.0,4.0
05/05/2020,84.0,1.0
05/06/2020,126.0,4.0
05/07/2020,71.0,3.0
05/08/2020,163.0,2.0
05/09/2020,158.0,1.0
05/10/2020,112.0,2.0
05/11/2020,13.0,4.0
05/12/2020,130.0,6.0
05/13/2020,104.0,1.0
05/14/2020,45.0,0.0
05/15/2020,46.0,5.0
05/16/2020,82.0,2.0
05/17/2020,130.0,1.0
05/18/2020,237.0,7.0
05/19/2020,248.0,5.0
05/20/2020,335.0,4.0
05/21/2020,286.0,2.0
05/22/2020,240.0,2.0
05/23/2020,524.0,7.0
05/24/2020,293.0,5.0
05/25/2020,341.0,5.0
05/26/2020,280.0,8.0
05/27/2020,470.0,8.0
05/28/2020,349.0,9.0
05/29/2020,241.0,13.0
05/30/2020,231.0,7.0
05/31/2020,147.0,6.0
06/01/2020,107.0,13.0
06/02/2020,139.0,4.0
06/03/2020,185.0,0.0
06/04/2020,185.0,0.0
06/05/2020,186.0,16.0
06/06/2020,263.0,9.0
06/07/2020,241.0,11.0
06/08/2020,466.0,0.0
06/09/2020,466.0,22.0
06/10/2020,289.0,14.0
06/11/2020,274.0,0.0
06/12/2020,275.0,17.0
06/13/2020,239.0,2.0
06/14/2020,108.0,3.0
06/15/2020,129.0,6.0
06/16/2020,232.0,6.0
06/17/2020,336.0,10.0
06/18/2020,325.0,6.0
06/19/2020,323.0,5.0
06/20/2020,138.0,0.0
06/21/2020,138.0,5.0
06/22/2020,276.0,8.0
06/23/2020,271.0,16.0
06/24/2020,212.0,5.0
06/25/2020,282.0,9.0
04/08/2020,282.0,9.0
04/14/2020,18.0,1.0
04/15/2020,22.0,1.0
04/16/2020,17.0,1.0
04/17/2020,21.0,2.0
04/18/2020,22.0,5.0
04/19/2020,27.0,3.0
04/20/2020,12.0,3.0
04/21/2020,39.0,1.0
04/22/2020,33.0,1.0
04/23/2020,81.0,2.0
04/24/2020,89.0,5.0
04/26/2020,141.0,5.0
04/27/2020,89.0,2.0
04/28/2020,134.0,2.0
04/29/2020,180.0,5.0
04/30/2020,87.0,6.0
05/01/2020,182.0,6.0
05/02/2020,146.0,5.0
05/03/2020,69.0,6.0
05/04/2020,97.0,8.0
05/05/2020,68.0,8.0
05/06/2020,97.0,9.0
05/07/2020,164.0,9.0
05/08/2020,166.0,10.0
05/09/2020,139.0,6.0
05/10/2020,86.0,12.0
05/11/2020,85.0,12.0
05/12/2020,237.0,12.0
05/13/2020,181.0,14.0
05/14/2020,225.0,0.0
05/15/2020,226.0,23.0
05/16/2020,381.0,12.0
05/17/2020,223.0,11.0
05/18/2020,215.0,11.0
05/19/2020,285.0,10.0
05/20/2020,121.0,20.0
05/21/2020,479.0,11.0
05/22/2020,386.0,18.0
05/23/2020,328.0,21.0
05/24/2020,584.0,15.0
05/25/2020,468.0,21.0
05/26/2020,376.0,17.0
05/27/2020,522.0,14.0
05/28/2020,475.0,17.0
05/29/2020,563.0,21.0
05/30/2020,605.0,18.0
05/31/2020,1065.0,19.0
06/01/2020,549.0,18.0
06/02/2020,722.0,21.0
06/03/2020,512.0,0.0
06/04/2020,513.0,0.0
06/05/2020,513.0,49.0
06/06/2020,840.0,26.0
06/07/2020,881.0,25.0
06/08/2020,1187.0,0.0
06/09/2020,1188.0,58.0
06/10/2020,983.0,20.0
06/11/2020,927.0,0.0
06/12/2020,928.0,41.0
06/13/2020,856.0,22.0
06/14/2020,1312.0,21.0
06/15/2020,763.0,24.0
06/16/2020,670.0,25.0
06/17/2020,1235.0,18.0
06/18/2020,766.0,20.0
06/19/2020,1273.0,17.0
06/20/2020,396.0,0.0
06/21/2020,396.0,18.0
06/22/2020,1697.0,37.0
06/23/2020,853.0,17.0
06/24/2020,982.0,18.0
06/25/2020,835.0,20.0
04/08/2020,835.0,20.0
04/14/2020,194.0,3.0
04/15/2020,65.0,1.0
04/16/2020,55.0,3.0
04/17/2020,8.0,1.0
04/18/2020,23.0,0.0
04/19/2020,23.0,1.0
04/20/2020,17.0,2.0
04/21/2020,24.0,0.0
04/22/2020,22.0,1.0
04/23/2020,69.0,2.0
04/24/2020,85.0,2.0
04/26/2020,165.0,3.0
04/27/2020,44.0,5.0
04/28/2020,76.0,2.0
04/29/2020,98.0,3.0
04/30/2020,64.0,3.0
05/01/2020,41.0,3.0
05/02/2020,66.0,3.0
05/03/2020,295.0,3.0
05/04/2020,251.0,6.0
05/05/2020,198.0,6.0
05/06/2020,115.0,1.0
05/07/2020,153.0,5.0
05/08/2020,123.0,5.0
05/09/2020,171.0,3.0
05/10/2020,120.0,3.0
05/11/2020,58.0,1.0
05/12/2020,239.0,13.0
05/13/2020,95.0,8.0
05/14/2020,312.0,0.0
05/15/2020,313.0,9.0
05/16/2020,204.0,5.0
05/17/2020,118.0,11.0
05/18/2020,71.0,8.0
05/19/2020,287.0,9.0
05/20/2020,239.0,6.0
05/21/2020,639.0,9.0
05/22/2020,467.0,6.0
05/23/2020,436.0,5.0
05/24/2020,262.0,1.0
05/25/2020,231.0,5.0
05/26/2020,383.0,5.0
05/27/2020,652.0,10.0
05/28/2020,533.0,15.0
05/29/2020,317.0,9.0
05/30/2020,844.0,8.0
05/31/2020,289.0,7.0
06/01/2020,288.0,6.0
06/02/2020,621.0,9.0
06/03/2020,346.0,0.0
06/04/2020,347.0,0.0
06/05/2020,347.0,17.0
06/06/2020,776.0,6.0
06/07/2020,446.0,9.0
06/08/2020,499.0,0.0
06/09/2020,499.0,16.0
06/10/2020,852.0,4.0
06/11/2020,530.0,0.0
06/12/2020,530.0,23.0
06/13/2020,639.0,7.0
06/14/2020,190.0,5.0
06/15/2020,301.0,5.0
06/16/2020,1211.0,8.0
06/17/2020,594.0,1.0
06/18/2020,769.0,4.0
06/19/2020,535.0,6.0
06/20/2020,826.0,0.0
06/21/2020,826.0,5.0
06/22/2020,3108.0,19.0
06/23/2020,1755.0,8.0
06/24/2020,482.0,7.0
06/25/2020,496.0,7.0
04/08/2020,496.0,7.0
04/14/2020,639.0,48.0
04/15/2020,209.0,19.0
04/16/2020,235.0,34.0
04/17/2020,90.0,21.0
04/18/2020,88.0,16.0
04/19/2020,147.0,21.0
04/20/2020,116.0,3.0
04/21/2020,110.0,8.0
04/22/2020,209.0,14.0
04/23/2020,409.0,27.0
04/24/2020,306.0,21.0
04/26/2020,639.0,49.0
04/27/2020,95.0,16.0
04/28/2020,409.0,31.0
04/29/2020,464.0,29.0
04/30/2020,453.0,45.0
05/01/2020,469.0,51.0
05/02/2020,339.0,25.0
05/03/2020,621.0,47.0
05/04/2020,630.0,37.0
05/05/2020,796.0,64.0
05/06/2020,1134.0,102.0
05/07/2020,856.0,55.0
05/08/2020,628.0,68.0
05/09/2020,1198.0,88.0
05/10/2020,674.0,42.0
05/11/2020,320.0,31.0
05/12/2020,1249.0,63.0
05/13/2020,1648.0,62.0
05/14/2020,1288.0,0.0
05/15/2020,1288.0,171.0
05/16/2020,1285.0,44.0
05/17/2020,651.0,38.0
05/18/2020,585.0,20.0
05/19/2020,1219.0,58.0
05/20/2020,1572.0,70.0
05/21/2020,1663.0,59.0
05/22/2020,1671.0,49.0
05/23/2020,1764.0,75.0
05/24/2020,1065.0,14.0
05/25/2020,415.0,23.0
05/26/2020,1667.0,71.0
05/27/2020,1559.0,39.0
05/28/2020,2638.0,73.0
05/29/2020,2763.0,47.0
05/30/2020,1651.0,36.0
05/31/2020,818.0,5.0
06/01/2020,396.0,19.0
06/02/2020,1421.0,31.0
06/03/2020,1092.0,0.0
06/04/2020,1093.0,0.0
06/05/2020,1093.0,81.0
06/06/2020,1193.0,16.0
06/07/2020,1119.0,33.0
06/08/2020,1224.0,0.0
06/09/2020,1225.0,83.0
06/10/2020,1615.0,48.0
06/11/2020,1131.0,0.0
06/12/2020,1131.0,66.0
06/13/2020,915.0,36.0
06/14/2020,480.0,27.0
06/15/2020,271.0,20.0
06/16/2020,1241.0,37.0
06/17/2020,1529.0,30.0
06/18/2020,1189.0,26.0
06/19/2020,947.0,19.0
06/20/2020,609.0,0.0
06/21/2020,610.0,26.0
06/22/2020,829.0,21.0
06/23/2020,1342.0,15.0
06/24/2020,1691.0,24.0
06/25/2020,503.0,21.0
04/08/2020,503.0,21.0
04/14/2020,267.0,10.0
04/15/2020,36.0,0.0
04/16/2020,192.0,8.0
04/17/2020,108.0,6.0
04/18/2020,134.0,1.0
04/19/2020,37.0,8.0
04/20/2020,111.0,1.0
04/21/2020,148.0,1.0
04/22/2020,155.0,3.0
04/23/2020,145.0,9.0
04/24/2020,173.0,5.0
04/26/2020,247.0,9.0
04/27/2020,145.0,3.0
04/28/2020,186.0,10.0
04/29/2020,106.0,10.0
04/30/2020,205.0,8.0
05/01/2020,234.0,13.0
05/02/2020,230.0,6.0
05/03/2020,180.0,0.0
05/04/2020,213.0,11.0
05/05/2020,332.0,12.0
05/06/2020,261.0,14.0
05/07/2020,227.0,5.0
05/08/2020,290.0,18.0
05/09/2020,356.0,13.0
05/10/2020,384.0,6.0
05/11/2020,250.0,9.0
05/12/2020,396.0,14.0
05/13/2020,343.0,11.0
05/14/2020,790.0,0.0
05/15/2020,791.0,45.0
05/16/2020,186.0,5.0
05/17/2020,129.0,9.0
05/18/2020,138.0,17.0
05/19/2020,2432.0,14.0
05/20/2020,184.0,36.0
05/21/2020,744.0,14.0
05/22/2020,616.0,23.0
05/23/2020,443.0,14.0
05/24/2020,899.0,47.0
05/25/2020,305.0,17.0
05/26/2020,362.0,18.0
05/27/2020,504.0,36.0
05/28/2020,893.0,39.0
05/29/2020,954.0,39.0
05/30/2020,709.0,29.0
05/31/2020,766.0,29.0
06/01/2020,506.0,34.0
06/02/2020,2532.0,35.0
06/03/2020,677.0,0.0
06/04/2020,678.0,0.0
06/05/2020,678.0,54.0
06/06/2020,2956.0,29.0
06/07/2020,977.0,27.0
06/08/2020,1542.0,0.0
06/09/2020,1543.0,91.0
06/10/2020,2204.0,38.0
06/11/2020,990.0,0.0
06/12/2020,990.0,64.0
06/13/2020,1123.0,30.0
06/14/2020,613.0,36.0
06/15/2020,1219.0,40.0
06/16/2020,1586.0,36.0
06/17/2020,1720.0,41.0
06/18/2020,651.0,41.0
06/19/2020,2345.0,42.0
06/20/2020,691.0,0.0
06/21/2020,691.0,45.0
06/22/2020,1782.0,91.0
06/23/2020,1998.0,50.0
06/24/2020,2847.0,50.0
06/25/2020,2360.0,60.0
04/08/2020,2360.0,60.0
04/14/2020,749.0,60.0
04/15/2020,205.0,16.0
04/16/2020,381.0,17.0
04/17/2020,298.0,25.0
04/18/2020,350.0,27.0
04/19/2020,218.0,10.0
04/20/2020,230.0,12.0
04/21/2020,234.0,17.0
04/22/2020,194.0,18.0
04/23/2020,688.0,33.0
04/24/2020,202.0,18.0
04/26/2020,1033.0,43.0
04/27/2020,893.0,63.0
04/28/2020,192.0,13.0
04/29/2020,349.0,38.0
04/30/2020,339.0,41.0
05/01/2020,273.0,23.0
05/02/2020,430.0,133.0
05/03/2020,61.0,25.0
05/04/2020,131.0,28.0
05/05/2020,2969.0,104.0
05/06/2020,834.0,53.0
05/07/2020,1584.0,55.0
05/08/2020,1068.0,63.0
05/09/2020,923.0,96.0
05/10/2020,813.0,52.0
05/11/2020,907.0,75.0
05/12/2020,813.0,91.0
05/13/2020,744.0,109.0
05/14/2020,1667.0,0.0
05/15/2020,1667.0,87.0
05/16/2020,1305.0,138.0
05/17/2020,460.0,27.0
05/18/2020,2108.0,107.0
05/19/2020,1749.0,108.0
05/20/2020,2448.0,44.0
05/21/2020,853.0,261.0
05/22/2020,3160.0,90.0
05/23/2020,549.0,57.0
05/24/2020,473.0,16.0
05/25/2020,590.0,169.0
05/26/2020,836.0,110.0
05/27/2020,254.0,68.0
05/28/2020,546.0,62.0
05/29/2020,574.0,126.0
05/30/2020,8111.0,97.0
05/31/2020,1983.0,54.0
06/01/2020,2015.0,178.0
06/02/2020,2569.0,233.0
06/03/2020,1491.0,0.0
06/04/2020,1492.0,184.0
06/05/2020,3739.0,208.0
06/06/2020,1800.0,77.0
06/07/2020,1980.0,75.0
06/08/2020,2404.0,0.0
06/09/2020,2405.0,344.0
06/10/2020,3018.0,171.0
06/11/2020,2151.0,0.0
06/12/2020,2152.0,308.0
06/13/2020,724.0,41.0
06/14/2020,319.0,32.0
06/15/2020,2714.0,138.0
06/16/2020,1827.0,71.0
06/17/2020,3678.0,212.0
06/18/2020,2306.0,95.0
06/19/2020,2590.0,83.0
06/20/2020,1146.0,0.0
06/21/2020,1147.0,58.0
06/22/2020,2002.0,86.0
06/23/2020,3370.0,113.0
06/24/2020,2050.0,98.0
06/25/2020,2548.0,60.0
04/08/2020,2548.0,60.0
04/15/2020,254.0,11.0
04/16/2020,291.0,5.0
04/17/2020,102.0,3.0
04/18/2020,96.0,3.0
04/19/2020,147.0,2.0
04/20/2020,69.0,3.0
04/21/2020,44.0,1.0
04/22/2020,101.0,0.0
04/23/2020,50.0,8.0
04/24/2020,18.0,0.0
04/26/2020,322.0,9.0
04/27/2020,93.0,6.0
04/28/2020,78.0,7.0
04/29/2020,233.0,12.0
04/30/2020,358.0,7.0
05/01/2020,197.0,13.0
05/02/2020,323.0,7.0
05/03/2020,101.0,11.0
05/04/2020,76.0,2.0
05/05/2020,240.0,17.0
05/06/2020,166.0,12.0
05/07/2020,270.0,10.0
05/08/2020,404.0,10.0
05/09/2020,170.0,7.0
05/10/2020,187.0,9.0
05/11/2020,220.0,15.0
05/12/2020,268.0,16.0
05/13/2020,314.0,21.0
05/14/2020,398.0,0.0
05/15/2020,399.0,27.0
05/16/2020,397.0,11.0
05/17/2020,149.0,14.0
05/18/2020,413.0,17.0
05/19/2020,536.0,23.0
05/20/2020,399.0,16.0
05/21/2020,786.0,22.0
05/22/2020,642.0,34.0
05/23/2020,398.0,20.0
05/24/2020,89.0,29.0
05/25/2020,358.0,19.0
05/26/2020,524.0,22.0
05/27/2020,595.0,24.0
05/28/2020,719.0,27.0
05/29/2020,700.0,22.0
05/30/2020,534.0,23.0
05/31/2020,253.0,21.0
06/01/2020,379.0,10.0
06/02/2020,1082.0,50.0
06/03/2020,581.0,0.0
06/04/2020,581.0,0.0
06/05/2020,581.0,73.0
06/06/2020,1215.0,43.0
06/07/2020,841.0,26.0
06/08/2020,1507.0,0.0
06/09/2020,1507.0,98.0
06/10/2020,1380.0,32.0
06/11/2020,956.0,0.0
06/12/2020,957.0,50.0
06/13/2020,675.0,36.0
06/14/2020,509.0,32.0
06/15/2020,1140.0,32.0
06/16/2020,1371.0,45.0
06/17/2020,1489.0,38.0
06/18/2020,1230.0,48.0
06/19/2020,1471.0,48.0
06/20/2020,537.0,0.0
06/21/2020,537.0,32.0
06/22/2020,1568.0,65.0
06/23/2020,1043.0,63.0
06/24/2020,1654.0,38.0
06/25/2020,1765.0,27.0
04/08/2020,1765.0,27.0
04/15/2020,159.0,5.0
04/16/2020,65.0,3.0
04/17/2020,30.0,0.0
04/18/2020,16.0,4.0
04/19/2020,65.0,0.0
04/20/2020,45.0,0.0
04/21/2020,9.0,0.0
04/22/2020,65.0,1.0
04/23/2020,17.0,0.0
04/24/2020,26.0,1.0
04/26/2020,77.0,1.0
04/27/2020,80.0,0.0
04/28/2020,67.0,1.0
04/29/2020,62.0,0.0
04/30/2020,81.0,2.0
05/01/2020,110.0,0.0
05/02/2020,100.0,1.0
05/03/2020,83.0,2.0
05/04/2020,119.0,0.0
05/05/2020,50.0,0.0
05/06/2020,88.0,1.0
05/07/2020,352.0,1.0
05/08/2020,184.0,2.0
05/09/2020,134.0,2.0
05/10/2020,106.0,3.0
05/11/2020,101.0,2.0
05/12/2020,196.0,2.0
05/13/2020,213.0,2.0
05/14/2020,297.0,0.0
05/15/2020,298.0,7.0
05/16/2020,353.0,1.0
05/17/2020,228.0,3.0
05/18/2020,251.0,7.0
05/19/2020,234.0,6.0
05/20/2020,308.0,5.0
05/21/2020,381.0,7.0
05/22/2020,406.0,6.0
05/23/2020,303.0,5.0
05/24/2020,387.0,9.0
05/25/2020,292.0,10.0
05/26/2020,280.0,10.0
05/27/2020,551.0,9.0
05/28/2020,539.0,9.0
05/29/2020,422.0,12.0
05/30/2020,752.0,8.0
05/31/2020,306.0,8.0
06/01/2020,730.0,1.0
06/02/2020,746.0,6.0
06/03/2020,555.0,0.0
06/04/2020,556.0,0.0
06/05/2020,556.0,19.0
06/06/2020,1285.0,6.0
06/07/2020,1642.0,6.0
06/08/2020,1120.0,0.0
06/09/2020,1120.0,28.0
06/10/2020,1343.0,20.0
06/11/2020,981.0,0.0
06/12/2020,982.0,26.0
06/13/2020,563.0,11.0
06/14/2020,912.0,11.0
06/15/2020,813.0,15.0
06/16/2020,1696.0,29.0
06/17/2020,1760.0,17.0
06/18/2020,1381.0,14.0
06/19/2020,2381.0,17.0
06/20/2020,668.0,0.0
06/21/2020,668.0,8.0
06/22/2020,1910.0,45.0
06/23/2020,1220.0,26.0
06/24/2020,1886.0,20.0
06/25/2020,1617.0,14.0
04/08/2020,1617.0,14.0
04/15/2020,151.0,10.0
04/16/2020,34.0,1.0
04/17/2020,17.0,0.0
04/18/2020,43.0,2.0
04/19/2020,15.0,0.0
04/20/2020,10.0,1.0
04/21/2020,18.0,0.0
04/22/2020,17.0,2.0
04/23/2020,15.0,2.0
04/24/2020,33.0,1.0
04/26/2020,87.0,1.0
04/27/2020,43.0,1.0
04/28/2020,45.0,1.0
04/29/2020,44.0,0.0
04/30/2020,76.0,2.0
05/01/2020,27.0,0.0
05/02/2020,17.0,1.0
05/03/2020,25.0,0.0
05/04/2020,11.0,0.0
05/05/2020,61.0,8.0
05/06/2020,102.0,7.0
05/07/2020,3.0,2.0
05/08/2020,26.0,2.0
05/09/2020,16.0,0.0
05/10/2020,24.0,0.0
05/11/2020,7.0,0.0
05/12/2020,15.0,3.0
05/13/2020,19.0,9.0
05/14/2020,219.0,0.0
05/15/2020,219.0,6.0
05/16/2020,68.0,2.0
05/17/2020,52.0,1.0
05/18/2020,57.0,3.0
05/19/2020,97.0,0.0
05/20/2020,132.0,5.0
05/21/2020,136.0,7.0
05/22/2020,190.0,8.0
05/23/2020,73.0,2.0
05/24/2020,66.0,0.0
05/25/2020,69.0,1.0
05/26/2020,159.0,8.0
05/27/2020,172.0,4.0
05/28/2020,247.0,7.0
05/29/2020,229.0,4.0
05/30/2020,266.0,3.0
05/31/2020,117.0,2.0
06/01/2020,204.0,3.0
06/02/2020,471.0,24.0
06/03/2020,189.0,0.0
06/04/2020,189.0,0.0
06/05/2020,189.0,13.0
06/06/2020,429.0,3.0
06/07/2020,296.0,5.0
06/08/2020,426.0,0.0
06/09/2020,426.0,8.0
06/10/2020,638.0,8.0
06/11/2020,343.0,0.0
06/12/2020,344.0,6.0
06/13/2020,94.0,14.0
06/14/2020,4.0,3.0
06/15/2020,2238.0,15.0
06/16/2020,1082.0,20.0
06/17/2020,972.0,6.0
06/18/2020,1068.0,12.0
06/19/2020,723.0,17.0
06/20/2020,426.0,0.0
06/21/2020,427.0,14.0
06/22/2020,1656.0,16.0
06/23/2020,1032.0,18.0
06/24/2020,1054.0,34.0
06/25/2020,925.0,21.0
04/08/2020,925.0,21.0
04/14/2020,273.0,23.0
04/15/2020,33.0,5.0
04/16/2020,217.0,5.0
04/17/2020,102.0,3.0
04/18/2020,243.0,4.0
04/19/2020,165.0,4.0
04/20/2020,115.0,6.0
04/21/2020,76.0,6.0
04/22/2020,208.0,6.0
04/23/2020,153.0,10.0
04/24/2020,194.0,12.0
04/26/2020,272.0,24.0
04/27/2020,187.0,13.0
04/28/2020,118.0,20.0
04/29/2020,276.0,21.0
04/30/2020,386.0,18.0
05/01/2020,316.0,20.0
05/02/2020,299.0,20.0
05/03/2020,235.0,13.0
05/04/2020,187.0,12.0
05/05/2020,303.0,22.0
05/06/2020,498.0,20.0
05/07/2020,361.0,14.0
05/08/2020,520.0,25.0
05/09/2020,856.0,25.0
05/10/2020,834.0,24.0
05/11/2020,545.0,20.0
05/12/2020,382.0,24.0
05/13/2020,586.0,21.0
05/14/2020,813.0,0.0
05/15/2020,814.0,52.0
05/16/2020,853.0,28.0
05/17/2020,900.0,25.0
05/18/2020,746.0,27.0
05/19/2020,960.0,28.0
05/20/2020,916.0,30.0
05/21/2020,944.0,29.0
05/22/2020,1154.0,30.0
05/23/2020,1555.0,29.0
05/24/2020,2424.0,32.0
05/25/2020,1595.0,30.0
05/26/2020,1492.0,33.0
05/27/2020,1867.0,36.0
05/28/2020,1834.0,34.0
05/29/2020,2503.0,24.0
05/30/2020,2138.0,21.0
05/31/2020,2019.0,23.0
06/01/2020,658.0,21.0
06/02/2020,1328.0,21.0
06/03/2020,1334.0,0.0
06/04/2020,1335.0,0.0
06/05/2020,1335.0,65.0
06/06/2020,2684.0,33.0
06/07/2020,2157.0,37.0
06/08/2020,3299.0,0.0
06/09/2020,3300.0,153.0
06/10/2020,1439.0,37.0
06/11/2020,2048.0,0.0
06/12/2020,2049.0,77.0
06/13/2020,1254.0,37.0
06/14/2020,991.0,31.0
06/15/2020,742.0,32.0
06/16/2020,2119.0,38.0
06/17/2020,2024.0,33.0
06/18/2020,1356.0,37.0
06/19/2020,2409.0,38.0
06/20/2020,586.0,0.0
06/21/2020,587.0,39.0
06/22/2020,1016.0,76.0
06/23/2020,1332.0,37.0
06/24/2020,1293.0,39.0
06/25/2020,1611.0,35.0
04/08/2020,1611.0,35.0
04/15/2020,60.0,3.0
04/16/2020,18.0,1.0
04/17/2020,6.0,0.0
04/18/2020,9.0,0.0
04/19/2020,3.0,0.0
04/20/2020,7.0,1.0
04/22/2020,2.0,0.0
04/23/2020,38.0,1.0
04/24/2020,19.0,1.0
04/26/2020,10.0,1.0
04/27/2020,7.0,1.0
04/28/2020,4.0,1.0
04/29/2020,31.0,0.0
04/30/2020,5.0,0.0
05/01/2020,23.0,0.0
05/02/2020,11.0,1.0
05/03/2020,6.0,0.0
05/04/2020,7.0,1.0
05/05/2020,21.0,0.0
05/06/2020,14.0,0.0
05/07/2020,38.0,0.0
05/08/2020,40.0,1.0
05/09/2020,45.0,2.0
05/10/2020,17.0,2.0
05/11/2020,22.0,1.0
05/12/2020,50.0,0.0
05/13/2020,70.0,1.0
05/14/2020,59.0,0.0
05/15/2020,59.0,6.0
05/16/2020,72.0,1.0
05/17/2020,50.0,0.0
05/18/2020,36.0,2.0
05/19/2020,58.0,3.0
05/20/2020,59.0,0.0
05/21/2020,118.0,2.0
05/22/2020,48.0,3.0
05/23/2020,132.0,0.0
05/24/2020,110.0,3.0
05/25/2020,38.0,1.0
05/26/2020,128.0,2.0
05/27/2020,211.0,3.0
05/28/2020,112.0,5.0
05/29/2020,152.0,5.0
05/30/2020,258.0,1.0
05/31/2020,68.0,4.0
06/01/2020,112.0,5.0
06/02/2020,168.0,4.0
06/03/2020,69.0,0.0
06/04/2020,70.0,6.0
06/05/2020,346.0,6.0
06/06/2020,287.0,6.0
06/07/2020,181.0,8.0
06/08/2020,338.0,0.0
06/09/2020,339.0,39.0
06/10/2020,263.0,11.0
06/11/2020,380.0,0.0
06/12/2020,381.0,29.0
06/13/2020,161.0,17.0
06/14/2020,337.0,17.0
06/15/2020,324.0,7.0
06/16/2020,203.0,10.0
06/17/2020,736.0,40.0
06/18/2020,388.0,15.0
06/19/2020,841.0,28.0
06/20/2020,304.0,0.0
06/21/2020,305.0,26.0
06/22/2020,1059.0,49.0
06/23/2020,638.0,17.0
06/24/2020,784.0,42.0
06/25/2020,714.0,19.0
04/08/2020,714.0,19.0
04/15/2020,35.0,2.0
04/16/2020,16.0,1.0
04/17/2020,12.0,0.0
04/18/2020,18.0,0.0
04/19/2020,7.0,0.0
04/20/2020,3.0,0.0
04/21/2020,2.0,1.0
04/22/2020,2.0,0.0
04/23/2020,11.0,1.0
04/24/2020,27.0,0.0
04/26/2020,21.0,0.0
04/27/2020,4.0,2.0
04/28/2020,2.0,0.0
04/29/2020,9.0,0.0
04/30/2020,6.0,0.0
05/01/2020,6.0,0.0
05/02/2020,5.0,0.0
05/03/2020,6.0,1.0
05/04/2020,2.0,0.0
05/05/2020,9.0,0.0
05/06/2020,5.0,0.0
05/07/2020,23.0,0.0
05/08/2020,15.0,1.0
05/09/2020,20.0,0.0
05/10/2020,16.0,0.0
05/11/2020,23.0,0.0
05/12/2020,20.0,1.0
05/13/2020,25.0,1.0
05/14/2020,24.0,0.0
05/15/2020,25.0,1.0
05/16/2020,29.0,1.0
05/17/2020,62.0,0.0
05/18/2020,43.0,1.0
05/19/2020,29.0,0.0
05/20/2020,51.0,1.0
05/21/2020,53.0,0.0
05/22/2020,59.0,0.0
05/23/2020,53.0,0.0
05/24/2020,66.0,0.0
05/25/2020,99.0,0.0
05/26/2020,77.0,0.0
05/27/2020,86.0,1.0
05/28/2020,76.0,0.0
05/29/2020,94.0,0.0
05/30/2020,62.0,1.0
05/31/2020,71.0,1.0
06/01/2020,79.0,0.0
06/02/2020,78.0,0.0
06/03/2020,93.0,0.0
06/04/2020,93.0,0.0
06/05/2020,93.0,0.0
06/06/2020,72.0,1.0
06/07/2020,135.0,0.0
06/08/2020,161.0,0.0
06/09/2020,162.0,1.0
06/10/2020,142.0,2.0
06/11/2020,202.0,0.0
06/12/2020,202.0,4.0
06/13/2020,234.0,0.0
06/14/2020,198.0,3.0
06/15/2020,118.0,2.0
06/16/2020,234.0,3.0
06/17/2020,379.0,0.0
06/18/2020,110.0,3.0
06/19/2020,392.0,1.0
06/20/2020,162.0,0.0
06/21/2020,162.0,3.0
06/22/2020,401.0,4.0
06/23/2020,393.0,8.0
06/24/2020,417.0,1.0
06/25/2020,322.0,5.0
04/08/2020,322.0,5.0
04/15/2020,325.0,16.0
04/16/2020,74.0,6.0
04/17/2020,63.0,2.0
04/18/2020,56.0,4.0
04/19/2020,77.0,0.0
04/20/2020,35.0,2.0
04/21/2020,41.0,3.0
04/22/2020,53.0,3.0
04/23/2020,25.0,4.0
04/24/2020,111.0,3.0
04/26/2020,129.0,7.0
04/27/2020,38.0,1.0
04/28/2020,63.0,9.0
04/29/2020,109.0,9.0
04/30/2020,69.0,2.0
05/01/2020,108.0,6.0
05/02/2020,88.0,0.0
05/03/2020,95.0,1.0
05/04/2020,229.0,1.0
05/05/2020,105.0,4.0
05/06/2020,153.0,3.0
05/07/2020,165.0,9.0
05/08/2020,173.0,5.0
05/09/2020,180.0,7.0
05/10/2020,114.0,1.0
05/11/2020,83.0,2.0
05/12/2020,115.0,6.0
05/13/2020,298.0,8.0
05/14/2020,231.0,0.0
05/15/2020,232.0,11.0
05/16/2020,278.0,4.0
05/17/2020,137.0,6.0
05/18/2020,84.0,5.0
05/19/2020,282.0,6.0
05/20/2020,309.0,10.0
05/21/2020,310.0,14.0
05/22/2020,399.0,10.0
05/23/2020,343.0,16.0
05/24/2020,330.0,9.0
05/25/2020,294.0,4.0
05/26/2020,554.0,4.0
05/27/2020,495.0,6.0
05/28/2020,675.0,15.0
05/29/2020,546.0,2.0
05/30/2020,398.0,6.0
05/31/2020,834.0,8.0
06/01/2020,206.0,7.0
06/02/2020,269.0,11.0
06/03/2020,698.0,0.0
06/04/2020,698.0,0.0
06/05/2020,699.0,34.0
06/06/2020,961.0,21.0
06/07/2020,944.0,24.0
06/08/2020,581.0,0.0
06/09/2020,582.0,31.0
06/10/2020,1399.0,10.0
06/11/2020,1302.0,0.0
06/12/2020,1303.0,37.0
06/13/2020,508.0,8.0
06/14/2020,767.0,21.0
06/15/2020,347.0,6.0
06/16/2020,296.0,21.0
06/17/2020,1323.0,35.0
06/18/2020,1559.0,33.0
06/19/2020,1146.0,30.0
06/20/2020,626.0,0.0
06/21/2020,627.0,36.0
06/22/2020,1613.0,52.0
06/23/2020,979.0,32.0
06/24/2020,1446.0,51.0
06/25/2020,1426.0,35.0
04/08/2020,1426.0,35.0
04/14/2020,132.0,10.0
04/15/2020,53.0,4.0
04/16/2020,115.0,5.0
04/17/2020,119.0,2.0
04/18/2020,83.0,7.0
04/20/2020,262.0,2.0
04/21/2020,124.0,3.0
04/22/2020,169.0,5.0
04/23/2020,72.0,10.0
04/24/2020,179.0,22.0
04/26/2020,421.0,25.0
04/27/2020,261.0,14.0
04/28/2020,134.0,15.0
04/29/2020,160.0,8.0
04/30/2020,454.0,71.0
05/01/2020,300.0,27.0
05/02/2020,284.0,38.0
05/03/2020,403.0,36.0
05/04/2020,262.0,21.0
05/05/2020,347.0,39.0
05/06/2020,545.0,23.0
05/07/2020,507.0,18.0
05/08/2020,617.0,105.0
05/09/2020,634.0,63.0
05/10/2020,481.0,74.0
05/11/2020,307.0,56.0
05/12/2020,1053.0,156.0
05/13/2020,1002.0,82.0
05/14/2020,1245.0,0.0
05/15/2020,1246.0,199.0
05/16/2020,1075.0,54.0
05/17/2020,680.0,40.0
05/18/2020,870.0,90.0
05/19/2020,1561.0,190.0
05/20/2020,1840.0,114.0
05/21/2020,1621.0,219.0
05/22/2020,1713.0,85.0
05/23/2020,1228.0,64.0
05/24/2020,1428.0,147.0
05/25/2020,1952.0,224.0
05/26/2020,2523.0,97.0
05/27/2020,2433.0,76.0
05/28/2020,2666.0,159.0
05/29/2020,2787.0,123.0
05/30/2020,810.0,73.0
05/31/2020,665.0,23.0
06/01/2020,85.0,2.0
06/02/2020,3161.0,115.0
06/03/2020,2280.0,0.0
06/04/2020,2281.0,0.0
06/05/2020,2281.0,376.0
06/06/2020,2911.0,122.0
06/07/2020,2216.0,74.0
06/08/2020,2986.0,0.0
06/09/2020,2986.0,241.0
06/10/2020,2947.0,74.0
06/11/2020,2116.0,0.0
06/12/2020,2117.0,205.0
06/13/2020,2182.0,45.0
06/14/2020,669.0,14.0
06/15/2020,45.0,10.0
06/16/2020,2019.0,90.0
06/17/2020,2949.0,59.0
06/18/2020,2431.0,45.0
06/19/2020,3449.0,74.0
06/20/2020,1404.0,0.0
06/21/2020,1405.0,50.0
06/22/2020,3139.0,86.0
06/23/2020,2616.0,67.0
06/24/2020,3072.0,54.0
06/25/2020,2328.0,22.0
04/08/2020,2328.0,22.0
04/15/2020,100.0,12.0
04/16/2020,29.0,8.0
04/17/2020,30.0,2.0
04/18/2020,10.0,0.0
04/20/2020,40.0,6.0
04/21/2020,18.0,1.0
04/22/2020,38.0,6.0
04/23/2020,44.0,1.0
04/24/2020,41.0,4.0
04/26/2020,113.0,5.0
04/27/2020,44.0,1.0
04/28/2020,90.0,3.0
04/29/2020,66.0,5.0
04/30/2020,115.0,4.0
05/01/2020,112.0,5.0
05/02/2020,108.0,7.0
05/03/2020,135.0,2.0
05/04/2020,50.0,3.0
05/05/2020,142.0,6.0
05/06/2020,132.0,7.0
05/07/2020,164.0,9.0
05/08/2020,374.0,13.0
05/09/2020,125.0,10.0
05/10/2020,185.0,11.0
05/11/2020,184.0,4.0
05/12/2020,252.0,15.0
05/13/2020,268.0,3.0
05/14/2020,347.0,0.0
05/15/2020,347.0,13.0
05/16/2020,324.0,13.0
05/17/2020,284.0,11.0
05/18/2020,439.0,13.0
05/19/2020,514.0,12.0
05/20/2020,538.0,11.0
05/21/2020,400.0,15.0
05/22/2020,644.0,3.0
05/23/2020,626.0,10.0
05/24/2020,315.0,14.0
05/25/2020,193.0,7.0
05/26/2020,903.0,7.0
05/27/2020,1290.0,12.0
05/28/2020,923.0,20.0
05/29/2020,879.0,9.0
05/30/2020,851.0,20.0
05/31/2020,300.0,13.0
06/01/2020,533.0,10.0
06/02/2020,1164.0,9.0
06/03/2020,906.0,0.0
06/04/2020,907.0,0.0
06/05/2020,907.0,59.0
06/06/2020,1000.0,13.0
06/07/2020,1208.0,16.0
06/08/2020,1332.0,0.0
06/09/2020,1333.0,67.0
06/10/2020,1580.0,25.0
06/11/2020,1262.0,0.0
06/12/2020,1262.0,51.0
06/13/2020,898.0,13.0
06/14/2020,559.0,10.0
06/15/2020,655.0,23.0
06/16/2020,1460.0,15.0
06/17/2020,1584.0,25.0
06/18/2020,48.0,13.0
06/19/2020,3333.0,15.0
06/20/2020,714.0,0.0
06/21/2020,714.0,19.0
06/22/2020,732.0,41.0
06/23/2020,1746.0,23.0
06/24/2020,913.0,21.0
06/25/2020,912.0,14.0
04/08/2020,912.0,14.0
04/15/2020,288.0,21.0
04/16/2020,41.0,5.0
04/17/2020,42.0,1.0
04/18/2020,71.0,4.0
04/19/2020,42.0,2.0
04/20/2020,20.0,3.0
04/21/2020,17.0,0.0
04/22/2020,39.0,6.0
04/23/2020,19.0,3.0
04/24/2020,37.0,4.0
04/26/2020,37.0,8.0
04/27/2020,30.0,3.0
04/28/2020,85.0,2.0
04/29/2020,77.0,5.0
04/30/2020,59.0,1.0
05/01/2020,40.0,6.0
05/02/2020,45.0,1.0
05/03/2020,22.0,3.0
05/04/2020,48.0,1.0
05/05/2020,26.0,5.0
05/06/2020,39.0,2.0
05/07/2020,29.0,3.0
05/08/2020,55.0,2.0
05/09/2020,74.0,1.0
05/10/2020,50.0,2.0
05/11/2020,14.0,2.0
05/12/2020,57.0,2.0
05/13/2020,90.0,4.0
05/14/2020,71.0,0.0
05/15/2020,72.0,3.0
05/16/2020,103.0,3.0
05/17/2020,44.0,1.0
05/18/2020,74.0,3.0
05/19/2020,121.0,2.0
05/20/2020,135.0,8.0
05/21/2020,194.0,4.0
05/22/2020,129.0,5.0
05/23/2020,160.0,4.0
05/24/2020,113.0,3.0
05/25/2020,119.0,3.0
05/26/2020,181.0,3.0
05/27/2020,200.0,3.0
05/28/2020,272.0,7.0
05/29/2020,252.0,4.0
05/30/2020,237.0,8.0
05/31/2020,214.0,1.0
06/01/2020,148.0,8.0
06/02/2020,328.0,9.0
06/03/2020,219.0,0.0
06/04/2020,219.0,0.0
06/05/2020,219.0,16.0
06/06/2020,528.0,12.0
06/07/2020,257.0,5.0
06/08/2020,354.0,0.0
06/09/2020,355.0,21.0
06/10/2020,517.0,22.0
06/11/2020,437.0,0.0
06/12/2020,437.0,19.0
06/13/2020,528.0,18.0
06/14/2020,350.0,14.0
06/15/2020,133.0,8.0
06/16/2020,841.0,30.0
06/17/2020,528.0,22.0
06/18/2020,834.0,20.0
06/19/2020,866.0,13.0
06/20/2020,438.0,0.0
06/21/2020,439.0,9.0
06/22/2020,1462.0,41.0
06/23/2020,729.0,29.0
06/24/2020,1110.0,23.0
06/25/2020,858.0,18.0
04/08/2020,858.0,18.0
04/15/2020,932.0,81.0
04/16/2020,399.0,45.0
04/17/2020,323.0,26.0
04/18/2020,187.0,19.0
04/19/2020,266.0,11.0
04/20/2020,231.0,18.0
04/21/2020,218.0,26.0
04/22/2020,390.0,22.0
04/23/2020,221.0,30.0
04/24/2020,480.0,40.0
04/26/2020,899.0,63.0
04/27/2020,460.0,35.0
04/28/2020,366.0,58.0
04/29/2020,470.0,30.0
04/30/2020,682.0,27.0
05/01/2020,458.0,38.0
05/02/2020,811.0,25.0
05/03/2020,498.0,24.0
05/04/2020,220.0,39.0
05/05/2020,462.0,58.0
05/06/2020,556.0,54.0
05/07/2020,943.0,42.0
05/08/2020,763.0,82.0
05/09/2020,883.0,45.0
05/10/2020,805.0,75.0
05/11/2020,493.0,40.0
05/12/2020,541.0,70.0
05/13/2020,592.0,67.0
05/14/2020,654.0,0.0
05/15/2020,654.0,157.0
05/16/2020,2279.0,80.0
05/17/2020,964.0,55.0
05/18/2020,642.0,124.0
05/19/2020,1148.0,101.0
05/20/2020,1318.0,93.0
05/21/2020,1351.0,91.0
05/22/2020,1849.0,132.0
05/23/2020,1026.0,87.0
05/24/2020,973.0,56.0
05/25/2020,607.0,48.0
05/26/2020,488.0,80.0
05/27/2020,1065.0,140.0
05/28/2020,794.0,98.0
05/29/2020,1542.0,103.0
05/30/2020,1172.0,71.0
05/31/2020,1023.0,67.0
06/01/2020,450.0,68.0
06/02/2020,608.0,58.0
06/03/2020,666.0,0.0
06/04/2020,666.0,0.0
06/05/2020,667.0,201.0
06/06/2020,1004.0,71.0
06/07/2020,850.0,65.0
06/08/2020,824.0,0.0
06/09/2020,825.0,183.0
06/10/2020,925.0,78.0
06/11/2020,968.0,0.0
06/12/2020,969.0,163.0
06/13/2020,799.0,90.0
06/14/2020,590.0,71.0
06/15/2020,246.0,31.0
06/16/2020,920.0,73.0
06/17/2020,1019.0,50.0
06/18/2020,1180.0,48.0
06/19/2020,1094.0,45.0
06/20/2020,699.0,0.0
06/21/2020,699.0,46.0
06/22/2020,1376.0,104.0
06/23/2020,337.0,87.0
06/24/2020,1191.0,86.0
06/25/2020,1114.0,63.0
04/08/2020,1114.0,63.0
04/15/2020,30.0,4.0
04/16/2020,33.0,0.0
04/17/2020,11.0,0.0
04/18/2020,21.0,1.0
04/19/2020,22.0,1.0
04/20/2020,13.0,2.0
04/21/2020,28.0,2.0
04/22/2020,20.0,1.0
04/23/2020,11.0,0.0
04/24/2020,39.0,1.0
04/26/2020,75.0,2.0
04/27/2020,33.0,2.0
04/28/2020,44.0,1.0
04/29/2020,46.0,3.0
04/30/2020,59.0,0.0
05/01/2020,87.0,0.0
05/02/2020,65.0,2.0
05/03/2020,77.0,2.0
05/04/2020,42.0,0.0
05/05/2020,91.0,1.0
05/06/2020,74.0,1.0
05/07/2020,102.0,5.0
05/08/2020,80.0,2.0
05/09/2020,102.0,1.0
05/10/2020,45.0,4.0
05/11/2020,54.0,3.0
05/12/2020,111.0,4.0
05/13/2020,169.0,8.0
05/14/2020,146.0,0.0
05/15/2020,147.0,3.0
05/16/2020,180.0,5.0
05/17/2020,167.0,7.0
05/18/2020,35.0,8.0
05/19/2020,153.0,5.0
05/20/2020,197.0,2.0
05/21/2020,215.0,4.0
05/22/2020,222.0,2.0
05/23/2020,184.0,6.0
05/24/2020,132.0,8.0
05/25/2020,160.0,3.0
05/26/2020,170.0,9.0
05/27/2020,246.0,15.0
05/28/2020,277.0,4.0
05/29/2020,260.0,8.0
05/30/2020,242.0,11.0
05/31/2020,186.0,4.0
06/01/2020,188.0,7.0
06/02/2020,387.0,12.0
06/03/2020,186.0,0.0
06/04/2020,186.0,0.0
06/05/2020,186.0,22.0
06/06/2020,653.0,15.0
06/07/2020,388.0,7.0
06/08/2020,411.0,0.0
06/09/2020,411.0,41.0
06/10/2020,432.0,18.0
06/11/2020,489.0,0.0
06/12/2020,489.0,34.0
06/13/2020,488.0,18.0
06/14/2020,328.0,25.0
06/15/2020,204.0,14.0
06/16/2020,524.0,19.0
06/17/2020,678.0,5.0
06/18/2020,540.0,23.0
06/19/2020,468.0,14.0
06/20/2020,623.0,0.0
06/21/2020,623.0,24.0
06/22/2020,663.0,43.0
06/23/2020,793.0,15.0
06/24/2020,958.0,17.0
06/25/2020,853.0,12.0
04/08/2020,853.0,12.0
04/15/2020,1722.0,135.0
04/16/2020,534.0,76.0
04/17/2020,405.0,41.0
04/18/2020,194.0,46.0
04/19/2020,222.0,15.0
04/20/2020,134.0,20.0
04/21/2020,407.0,39.0
04/22/2020,246.0,29.0
04/23/2020,620.0,40.0
04/24/2020,110.0,40.0
04/26/2020,829.0,75.0
04/27/2020,833.0,32.0
04/28/2020,560.0,61.0
04/29/2020,365.0,56.0
04/30/2020,584.0,60.0
05/01/2020,713.0,67.0
05/02/2020,380.0,50.0
05/03/2020,593.0,48.0
05/04/2020,582.0,46.0
05/05/2020,670.0,58.0
05/06/2020,904.0,82.0
05/07/2020,861.0,189.0
05/08/2020,1585.0,109.0
05/09/2020,1188.0,150.0
05/10/2020,133.0,61.0
05/11/2020,877.0,56.0
05/12/2020,547.0,158.0
05/13/2020,242.0,122.0
05/14/2020,629.0,0.0
05/15/2020,630.0,388.0
05/16/2020,1614.0,176.0
05/17/2020,637.0,101.0
05/18/2020,4427.0,137.0
05/19/2020,1140.0,227.0
05/20/2020,2567.0,158.0
05/21/2020,1717.0,175.0
05/22/2020,1500.0,245.0
05/23/2020,944.0,248.0
05/24/2020,3379.0,88.0
05/25/2020,1386.0,112.0
05/26/2020,726.0,256.0
05/27/2020,2374.0,244.0
05/28/2020,2488.0,251.0
05/29/2020,3067.0,223.0
05/30/2020,4467.0,198.0
05/31/2020,968.0,67.0
06/01/2020,1142.0,118.0
06/02/2020,2202.0,224.0
06/03/2020,1400.0,0.0
06/04/2020,1400.0,0.0
06/05/2020,1400.0,641.0
06/06/2020,2134.0,146.0
06/07/2020,1467.0,166.0
06/08/2020,4223.0,0.0
06/09/2020,4223.0,289.0
06/10/2020,1394.0,210.0
06/11/2020,1705.0,0.0
06/12/2020,1706.0,279.0
06/13/2020,1052.0,175.0
06/14/2020,736.0,80.0
06/15/2020,1374.0,56.0
06/16/2020,2397.0,239.0
06/17/2020,3620.0,171.0
06/18/2020,354.0,274.0
06/19/2020,6061.0,183.0
06/20/2020,1079.0,0.0
06/21/2020,1080.0,229.0
06/22/2020,2035.0,109.0
06/23/2020,3297.0,220.0
06/24/2020,2624.0,142.0
06/25/2020,2404.0,155.0
04/08/2020,2404.0,155.0
04/15/2020,122.0,10.0
04/16/2020,24.0,2.0
04/17/2020,63.0,3.0
04/18/2020,53.0,1.0
04/19/2020,15.0,1.0
04/20/2020,64.0,2.0
04/21/2020,13.0,1.0
04/22/2020,38.0,1.0
04/23/2020,62.0,5.0
04/24/2020,46.0,4.0
04/26/2020,71.0,6.0
04/27/2020,7.0,1.0
04/28/2020,25.0,3.0
04/29/2020,229.0,5.0
04/30/2020,91.0,3.0
05/01/2020,120.0,0.0
05/02/2020,69.0,3.0
05/03/2020,26.0,2.0
05/04/2020,29.0,1.0
05/05/2020,115.0,6.0
05/06/2020,38.0,4.0
05/07/2020,165.0,4.0
05/08/2020,82.0,5.0
05/09/2020,98.0,6.0
05/10/2020,9.0,1.0
05/11/2020,61.0,4.0
05/12/2020,44.0,1.0
05/13/2020,334.0,12.0
05/14/2020,209.0,0.0
05/15/2020,210.0,17.0
05/16/2020,218.0,14.0
05/17/2020,133.0,3.0
05/18/2020,47.0,7.0
05/19/2020,299.0,14.0
05/20/2020,313.0,10.0
05/21/2020,264.0,8.0
05/22/2020,191.0,3.0
05/23/2020,348.0,3.0
05/24/2020,98.0,16.0
05/25/2020,62.0,9.0
05/26/2020,713.0,11.0
05/27/2020,158.0,22.0
05/28/2020,416.0,12.0
05/29/2020,417.0,14.0
05/30/2020,939.0,37.0
05/31/2020,649.0,0.0
06/01/2020,91.0,18.0
06/02/2020,91.0,18.0
06/03/2020,349.0,0.0
06/04/2020,350.0,0.0
06/05/2020,350.0,37.0
06/06/2020,158.0,9.0
06/07/2020,9.0,23.0
06/08/2020,789.0,0.0
06/09/2020,789.0,49.0
06/10/2020,541.0,28.0
06/11/2020,966.0,0.0
06/12/2020,967.0,27.0
06/13/2020,288.0,19.0
06/14/2020,382.0,1.0
06/15/2020,43.0,19.0
06/16/2020,998.0,32.0
06/17/2020,338.0,0.0
06/18/2020,339.0,70.0
06/19/2020,150.0,38.0
06/20/2020,1583.0,0.0
06/21/2020,1584.0,4.0
06/22/2020,751.0,33.0
06/23/2020,118.0,20.0
06/24/2020,1699.0,57.0
06/25/2020,891.0,51.0
04/08/2020,891.0,51.0
04/15/2020,192.0,10.0
04/16/2020,80.0,1.0
04/17/2020,22.0,3.0
04/18/2020,29.0,2.0
04/19/2020,23.0,0.0
04/20/2020,35.0,3.0
04/21/2020,15.0,0.0
04/22/2020,19.0,0.0
04/23/2020,71.0,2.0
04/24/2020,67.0,2.0
04/26/2020,105.0,4.0
04/27/2020,62.0,7.0
04/28/2020,58.0,3.0
04/29/2020,82.0,5.0
04/30/2020,98.0,1.0
05/01/2020,63.0,7.0
05/02/2020,90.0,4.0
05/03/2020,47.0,3.0
05/04/2020,45.0,9.0
05/05/2020,104.0,5.0
05/06/2020,235.0,8.0
05/07/2020,79.0,3.0
05/08/2020,318.0,1.0
05/09/2020,46.0,4.0
05/10/2020,49.0,2.0
05/11/2020,34.0,8.0
05/12/2020,341.0,6.0
05/13/2020,226.0,0.0
05/14/2020,227.0,0.0
05/15/2020,227.0,15.0
05/16/2020,98.0,6.0
05/17/2020,40.0,10.0
05/18/2020,7.0,2.0
05/19/2020,8.0,7.0
05/20/2020,1223.0,10.0
05/21/2020,500.0,5.0
05/22/2020,445.0,6.0
05/23/2020,418.0,4.0
05/24/2020,134.0,4.0
05/25/2020,89.0,17.0
05/26/2020,226.0,6.0
05/27/2020,263.0,6.0
05/28/2020,1186.0,4.0
05/29/2020,504.0,0.0
05/30/2020,504.0,5.0
05/31/2020,90.0,6.0
06/01/2020,293.0,8.0
06/02/2020,294.0,13.0
06/03/2020,363.0,0.0
06/04/2020,364.0,0.0
06/05/2020,364.0,20.0
06/06/2020,573.0,11.0
06/07/2020,454.0,7.0
06/08/2020,382.0,0.0
06/09/2020,383.0,18.0
06/10/2020,817.0,15.0
06/11/2020,382.0,0.0
06/12/2020,383.0,21.0
06/13/2020,243.0,7.0
06/14/2020,34.0,6.0
06/15/2020,777.0,10.0
06/16/2020,1033.0,14.0
06/17/2020,657.0,13.0
06/18/2020,694.0,19.0
06/19/2020,765.0,17.0
06/20/2020,275.0,0.0
06/21/2020,276.0,7.0
06/22/2020,572.0,28.0
06/23/2020,1154.0,19.0
06/24/2020,1145.0,23.0
06/25/2020,1051.0,0.0
04/08/2020,1051.0,0.0
04/14/2020,24.0,1.0
04/15/2020,22.0,0.0
04/16/2020,12.0,1.0
04/17/2020,16.0,0.0
04/18/2020,18.0,0.0
04/19/2020,18.0,1.0
04/20/2020,32.0,0.0
04/21/2020,39.0,0.0
04/22/2020,24.0,1.0
04/23/2020,27.0,0.0
04/24/2020,40.0,0.0
04/26/2020,74.0,5.0
04/27/2020,29.0,0.0
04/28/2020,20.0,1.0
04/29/2020,20.0,4.0
04/30/2020,69.0,1.0
05/01/2020,83.0,2.0
05/02/2020,68.0,5.0
05/03/2020,52.0,1.0
05/04/2020,51.0,1.0
05/05/2020,105.0,4.0
05/06/2020,82.0,4.0
05/07/2020,155.0,4.0
05/08/2020,124.0,2.0
05/09/2020,41.0,2.0
05/10/2020,39.0,2.0
05/11/2020,94.0,4.0
05/12/2020,64.0,3.0
05/13/2020,152.0,0.0
05/14/2020,88.0,0.0
05/15/2020,89.0,12.0
05/16/2020,130.0,7.0
05/17/2020,44.0,5.0
05/18/2020,80.0,3.0
05/19/2020,214.0,10.0
05/20/2020,242.0,3.0
05/21/2020,160.0,11.0
05/22/2020,115.0,5.0
05/23/2020,335.0,9.0
05/24/2020,92.0,6.0
05/25/2020,67.0,0.0
05/26/2020,225.0,12.0
05/27/2020,369.0,4.0
05/28/2020,390.0,5.0
05/29/2020,250.0,3.0
05/30/2020,241.0,6.0
05/31/2020,199.0,5.0
06/01/2020,230.0,3.0
06/02/2020,305.0,13.0
06/03/2020,327.0,0.0
06/04/2020,327.0,0.0
06/05/2020,328.0,22.0
06/06/2020,403.0,19.0
06/07/2020,838.0,15.0
06/08/2020,760.0,0.0
06/09/2020,760.0,27.0
06/10/2020,630.0,12.0
06/11/2020,687.0,0.0
06/12/2020,687.0,29.0
06/13/2020,486.0,13.0
06/14/2020,155.0,15.0
06/15/2020,315.0,8.0
06/16/2020,830.0,14.0
06/17/2020,557.0,14.0
06/18/2020,237.0,14.0
06/19/2020,549.0,17.0
06/20/2020,299.0,0.0
06/21/2020,300.0,18.0
06/22/2020,875.0,22.0
06/23/2020,671.0,13.0
06/24/2020,926.0,11.0
06/25/2020,749.0,12.0
04/08/2020,749.0,12.0
04/14/2020,41.0,2.0
04/15/2020,30.0,0.0
04/16/2020,29.0,0.0
04/17/2020,22.0,0.0
04/18/2020,37.0,0.0
04/19/2020,21.0,0.0
04/20/2020,22.0,0.0
04/21/2020,3.0,0.0
04/22/2020,33.0,0.0
04/23/2020,17.0,0.0
04/24/2020,7.0,0.0
04/26/2020,97.0,1.0
04/27/2020,6.0,0.0
04/28/2020,18.0,2.0
04/29/2020,27.0,0.0
04/30/2020,67.0,1.0
05/01/2020,83.0,1.0
05/02/2020,66.0,1.0
05/03/2020,72.0,2.0
05/04/2020,66.0,0.0
05/05/2020,63.0,0.0
05/06/2020,63.0,2.0
05/07/2020,88.0,1.0
05/08/2020,104.0,2.0
05/09/2020,78.0,2.0
05/10/2020,88.0,3.0
05/11/2020,5.0,3.0
05/12/2020,33.0,3.0
05/13/2020,83.0,2.0
05/14/2020,89.0,0.0
05/15/2020,89.0,11.0
05/16/2020,117.0,9.0
05/17/2020,85.0,2.0
05/18/2020,85.0,9.0
05/19/2020,109.0,1.0
05/20/2020,82.0,3.0
05/21/2020,79.0,8.0
05/22/2020,160.0,11.0
05/23/2020,68.0,0.0
05/24/2020,65.0,1.0
05/25/2020,75.0,2.0
05/26/2020,69.0,16.0
05/27/2020,99.0,0.0
05/28/2020,277.0,0.0
05/29/2020,139.0,6.0
05/30/2020,201.0,2.0
05/31/2020,175.0,6.0
06/01/2020,218.0,0.0
06/02/2020,158.0,4.0
06/03/2020,211.0,0.0
06/04/2020,211.0,0.0
06/05/2020,211.0,7.0
06/06/2020,348.0,12.0
06/07/2020,407.0,0.0
06/08/2020,409.0,0.0
06/09/2020,409.0,29.0
06/10/2020,291.0,14.0
06/11/2020,182.0,0.0
06/12/2020,183.0,10.0
06/13/2020,130.0,5.0
06/14/2020,33.0,3.0
06/15/2020,6.0,3.0
06/16/2020,54.0,13.0
06/17/2020,215.0,8.0
06/18/2020,271.0,7.0
06/19/2020,229.0,8.0
06/20/2020,193.0,0.0
06/21/2020,194.0,6.0
06/22/2020,151.0,6.0
06/23/2020,2152.0,4.0
06/24/2020,463.0,4.0
06/25/2020,1069.0,12.0
04/08/2020,1069.0,12.0
04/15/2020,409.0,15.0
04/16/2020,58.0,3.0
04/17/2020,42.0,1.0
04/18/2020,36.0,1.0
04/19/2020,13.0,1.0
04/20/2020,50.0,3.0
04/21/2020,38.0,0.0
04/22/2020,28.0,2.0
04/23/2020,24.0,2.0
04/24/2020,55.0,3.0
04/26/2020,65.0,0.0
04/27/2020,102.0,1.0
04/28/2020,139.0,1.0
04/29/2020,519.0,0.0
04/30/2020,90.0,2.0
05/01/2020,309.0,2.0
05/02/2020,41.0,4.0
05/03/2020,42.0,0.0
05/04/2020,42.0,0.0
05/05/2020,104.0,3.0
05/06/2020,294.0,4.0
05/07/2020,165.0,4.0
05/08/2020,123.0,0.0
05/09/2020,167.0,1.0
05/10/2020,57.0,1.0
05/11/2020,100.0,4.0
05/12/2020,204.0,4.0
05/13/2020,95.0,0.0
05/14/2020,367.0,0.0
05/15/2020,367.0,6.0
05/16/2020,116.0,2.0
05/17/2020,98.0,2.0
05/18/2020,399.0,2.0
05/19/2020,238.0,6.0
05/20/2020,86.0,3.0
05/21/2020,111.0,4.0
05/22/2020,848.0,2.0
05/23/2020,149.0,3.0
05/24/2020,89.0,2.0
05/25/2020,179.0,4.0
05/26/2020,141.0,12.0
05/27/2020,356.0,5.0
05/28/2020,628.0,5.0
05/29/2020,530.0,3.0
05/30/2020,248.0,2.0
05/31/2020,259.0,7.0
06/01/2020,461.0,3.0
06/02/2020,162.0,2.0
06/03/2020,290.0,0.0
06/04/2020,291.0,0.0
06/05/2020,291.0,8.0
06/06/2020,314.0,3.0
06/07/2020,439.0,7.0
06/08/2020,453.0,0.0
06/09/2020,454.0,13.0
06/10/2020,402.0,5.0
06/11/2020,285.0,0.0
06/12/2020,286.0,7.0
06/13/2020,131.0,2.0
06/14/2020,64.0,2.0
06/15/2020,600.0,4.0
06/16/2020,442.0,13.0
06/17/2020,613.0,4.0
06/18/2020,558.0,6.0
06/19/2020,749.0,12.0
06/20/2020,393.0,0.0
06/21/2020,393.0,3.0
06/22/2020,829.0,19.0
06/23/2020,1307.0,7.0
06/24/2020,1677.0,16.0
06/25/2020,1030.0,10.0
04/08/2020,1030.0,10.0
04/15/2020,3689.0,324.0
04/16/2020,2197.0,158.0
04/17/2020,1273.0,75.0
04/18/2020,1053.0,63.0
04/19/2020,373.0,24.0
04/20/2020,313.0,22.0
04/21/2020,805.0,56.0
04/22/2020,529.0,41.0
04/23/2020,826.0,211.0
04/24/2020,1086.0,167.0
04/26/2020,2889.0,188.0
04/27/2020,981.0,125.0
04/28/2020,2345.0,224.0
04/29/2020,2117.0,198.0
04/30/2020,2540.0,128.0
05/01/2020,1676.0,136.0
05/02/2020,800.0,75.0
05/03/2020,598.0,41.0
05/04/2020,415.0,27.0
05/05/2020,1866.0,197.0
05/06/2020,3800.0,194.0
05/07/2020,2075.0,161.0
05/08/2020,1902.0,210.0
05/09/2020,2581.0,192.0
05/10/2020,1033.0,101.0
05/11/2020,687.0,34.0
05/12/2020,1588.0,206.0
05/13/2020,3378.0,169.0
05/14/2020,3640.0,0.0
05/15/2020,3641.0,383.0
05/16/2020,2805.0,187.0
05/17/2020,1162.0,94.0
05/18/2020,721.0,41.0
05/19/2020,2929.0,324.0
05/20/2020,3864.0,216.0
05/21/2020,3880.0,195.0
05/22/2020,3132.0,215.0
05/23/2020,3687.0,272.0
05/24/2020,1603.0,118.0
05/25/2020,1464.0,57.0
05/26/2020,2392.0,203.0
05/27/2020,3466.0,289.0
05/28/2020,6382.0,268.0
05/29/2020,5691.0,295.0
05/30/2020,5586.0,257.0
05/31/2020,2556.0,83.0
06/01/2020,1598.0,52.0
06/02/2020,6999.0,327.0
06/03/2020,3635.0,0.0
06/04/2020,3635.0,0.0
06/05/2020,3635.0,566.0
06/06/2020,5365.0,282.0
06/07/2020,5984.0,216.0
06/08/2020,4794.0,0.0
06/09/2020,4795.0,464.0
06/10/2020,6178.0,340.0
06/11/2020,5792.0,0.0
06/12/2020,5792.0,506.0
06/13/2020,4975.0,213.0
06/14/2020,5327.0,113.0
06/15/2020,3258.0,73.0
06/16/2020,8825.0,365.0
06/17/2020,1232.0,389.0
06/18/2020,1111.0,325.0
06/19/2020,19030.0,386.0
06/20/2020,2067.0,0.0
06/21/2020,2068.0,262.0
06/22/2020,6180.0,140.0
06/23/2020,7502.0,434.0
06/24/2020,9347.0,284.0
06/25/2020,9765.0,407.0
04/08/2020,9765.0,407.0
04/15/2020,9.0,0.0
04/16/2020,3.0,0.0
04/17/2020,5.0,0.0
04/18/2020,18.0,1.0
04/19/2020,12.0,0.0
04/20/2020,3.0,0.0
04/21/2020,6.0,0.0
04/22/2020,25.0,2.0
04/23/2020,7.0,1.0
04/24/2020,20.0,0.0
04/26/2020,15.0,1.0
04/27/2020,38.0,1.0
04/28/2020,83.0,1.0
04/29/2020,57.0,1.0
04/30/2020,110.0,0.0
05/01/2020,70.0,2.0
05/02/2020,84.0,0.0
05/03/2020,129.0,0.0
05/04/2020,42.0,3.0
05/05/2020,126.0,4.0
05/06/2020,100.0,2.0
05/07/2020,216.0,2.0
05/08/2020,224.0,3.0
05/09/2020,150.0,5.0
05/10/2020,183.0,1.0
05/11/2020,29.0,3.0
05/12/2020,232.0,0.0
05/13/2020,236.0,5.0
05/14/2020,300.0,0.0
05/15/2020,300.0,8.0
05/16/2020,267.0,3.0
05/17/2020,208.0,4.0
05/18/2020,223.0,2.0
05/19/2020,401.0,4.0
05/20/2020,310.0,6.0
05/21/2020,457.0,7.0
05/22/2020,188.0,6.0
05/23/2020,209.0,4.0
05/24/2020,183.0,7.0
05/25/2020,134.0,10.0
05/26/2020,287.0,13.0
05/27/2020,177.0,11.0
05/28/2020,244.0,8.0
05/29/2020,306.0,7.0
05/30/2020,343.0,7.0
05/31/2020,194.0,9.0
06/01/2020,234.0,8.0
06/02/2020,322.0,6.0
06/03/2020,215.0,0.0
06/04/2020,215.0,0.0
06/05/2020,215.0,14.0
06/06/2020,377.0,12.0
06/07/2020,395.0,10.0
06/08/2020,577.0,0.0
06/09/2020,577.0,44.0
06/10/2020,489.0,12.0
06/11/2020,459.0,0.0
06/12/2020,460.0,41.0
06/13/2020,1332.0,11.0
06/14/2020,1102.0,14.0
06/15/2020,1707.0,22.0
06/16/2020,635.0,12.0
06/17/2020,497.0,19.0
06/18/2020,531.0,17.0
06/19/2020,470.0,26.0
06/20/2020,320.0,0.0
06/21/2020,321.0,22.0
06/22/2020,935.0,43.0
06/23/2020,499.0,20.0
06/24/2020,470.0,13.0
06/25/2020,728.0,30.0
04/08/2020,728.0,30.0
04/14/2020,7.0,30.0
04/15/2020,0.0,30.0
04/16/2020,3.0,1.0
04/17/2020,2.0,0.0
04/18/2020,2.0,0.0
04/20/2020,1.0,0.0
04/21/2020,3.0,0.0
04/23/2020,0.0,1.0
04/24/2020,6.0,0.0
04/26/2020,15.0,0.0
04/27/2020,9.0,0.0
04/28/2020,12.0,0.0
04/29/2020,37.0,1.0
04/30/2020,21.0,0.0
05/01/2020,27.0,0.0
05/02/2020,27.0,1.0
05/03/2020,55.0,0.0
05/04/2020,21.0,2.0
05/05/2020,36.0,1.0
05/06/2020,48.0,2.0
05/07/2020,72.0,0.0
05/08/2020,71.0,0.0
05/09/2020,78.0,0.0
05/10/2020,116.0,2.0
05/11/2020,59.0,1.0
05/12/2020,81.0,2.0
05/13/2020,104.0,7.0
05/14/2020,123.0,0.0
05/15/2020,124.0,3.0
05/16/2020,100.0,3.0
05/17/2020,103.0,4.0
05/18/2020,114.0,1.0
05/19/2020,150.0,6.0
05/20/2020,163.0,4.0
05/21/2020,167.0,5.0
05/22/2020,229.0,2.0
05/23/2020,225.0,2.0
05/24/2020,161.0,1.0
05/25/2020,105.0,6.0
05/26/2020,162.0,6.0
05/27/2020,165.0,1.0
05/28/2020,254.0,3.0
05/29/2020,334.0,2.0
05/30/2020,370.0,1.0
05/31/2020,195.0,2.0
06/01/2020,169.0,3.0
06/02/2020,138.0,3.0
06/03/2020,132.0,0.0
06/04/2020,133.0,0.0
06/05/2020,133.0,8.0
06/06/2020,301.0,2.0
06/07/2020,323.0,7.0
06/08/2020,273.0,0.0
06/09/2020,274.0,18.0
06/10/2020,205.0,6.0
06/11/2020,243.0,0.0
06/12/2020,244.0,8.0
06/13/2020,187.0,2.0
06/14/2020,41.0,2.0
06/15/2020,165.0,4.0
06/16/2020,172.0,4.0
06/17/2020,264.0,9.0
06/18/2020,201.0,3.0
06/19/2020,182.0,7.0
06/20/2020,123.0,0.0
06/21/2020,124.0,8.0
06/22/2020,274.0,11.0
06/23/2020,289.0,1.0
06/24/2020,332.0,2.0
06/25/2020,327.0,2.0
