Updated,Confirmed,ConfirmedChange,Deaths,Recovered,AdminRegion1
04/08/2020,50,0,1.0,0.0,Acre
04/14/2020,90,40.0,3.0,0.0,Acre
04/15/2020,99,9.0,3.0,0.0,Acre
04/16/2020,110,11.0,5.0,0.0,Acre
04/17/2020,135,25.0,5.0,0.0,Acre
04/18/2020,142,7.0,5.0,0.0,Acre
04/19/2020,163,21.0,6.0,0.0,Acre
04/20/2020,176,13.0,8.0,0.0,Acre
04/21/2020,195,19.0,8.0,0.0,Acre
04/22/2020,214,19.0,8.0,0.0,Acre
04/23/2020,227,13.0,10.0,0.0,Acre
04/24/2020,234,7.0,11.0,0.0,Acre
04/26/2020,279,45.0,11.0,0.0,Acre
04/27/2020,295,16.0,14.0,0.0,Acre
04/28/2020,311,16.0,16.0,0.0,Acre
04/29/2020,354,43.0,17.0,0.0,Acre
04/30/2020,404,50.0,19.0,0.0,Acre
05/01/2020,486,82.0,19.0,0.0,Acre
05/02/2020,553,67.0,22.0,0.0,Acre
05/03/2020,657,104.0,24.0,0.0,Acre
05/04/2020,733,76.0,28.0,0.0,Acre
05/05/2020,817,84.0,29.0,0.0,Acre
05/06/2020,943,126.0,33.0,0.0,Acre
05/07/2020,1014,71.0,36.0,0.0,Acre
05/08/2020,1177,163.0,38.0,0.0,Acre
05/09/2020,1335,158.0,39.0,0.0,Acre
05/10/2020,1447,112.0,41.0,0.0,Acre
05/11/2020,1460,13.0,45.0,0.0,Acre
05/12/2020,1590,130.0,51.0,0.0,Acre
05/13/2020,1694,104.0,52.0,0.0,Acre
05/14/2020,1739,45.0,52.0,0.0,Acre
05/15/2020,1785,46.0,57.0,0.0,Acre
05/16/2020,1867,82.0,59.0,0.0,Acre
05/17/2020,1997,130.0,60.0,0.0,Acre
05/18/2020,2234,237.0,67.0,0.0,Acre
05/19/2020,2482,248.0,72.0,0.0,Acre
05/20/2020,2817,335.0,76.0,0.0,Acre
05/21/2020,3103,286.0,78.0,0.0,Acre
05/22/2020,3343,240.0,80.0,0.0,Acre
05/23/2020,3867,524.0,87.0,0.0,Acre
05/24/2020,4160,293.0,92.0,0.0,Acre
05/25/2020,4501,341.0,97.0,0.0,Acre
05/26/2020,4781,280.0,105.0,0.0,Acre
05/27/2020,5251,470.0,113.0,0.0,Acre
05/28/2020,5600,349.0,122.0,0.0,Acre
05/29/2020,5841,241.0,135.0,0.0,Acre
05/30/2020,6072,231.0,142.0,0.0,Acre
05/31/2020,6219,147.0,148.0,0.0,Acre
06/01/2020,6326,107.0,161.0,0.0,Acre
06/02/2020,6465,139.0,165.0,0.0,Acre
06/03/2020,6650,185.0,165.0,0.0,Acre
06/04/2020,6835,185.0,165.0,0.0,Acre
06/05/2020,7021,186.0,181.0,0.0,Acre
06/06/2020,7284,263.0,190.0,0.0,Acre
06/07/2020,7525,241.0,201.0,0.0,Acre
06/08/2020,7991,466.0,201.0,0.0,Acre
06/09/2020,8457,466.0,223.0,0.0,Acre
06/10/2020,8746,289.0,237.0,0.0,Acre
06/11/2020,9020,274.0,237.0,0.0,Acre
06/12/2020,9295,275.0,254.0,0.0,Acre
06/13/2020,9534,239.0,256.0,0.0,Acre
06/14/2020,9642,108.0,259.0,0.0,Acre
06/15/2020,9771,129.0,265.0,0.0,Acre
06/16/2020,10003,232.0,271.0,0.0,Acre
06/17/2020,10339,336.0,281.0,0.0,Acre
06/18/2020,10664,325.0,287.0,0.0,Acre
06/19/2020,10987,323.0,292.0,0.0,Acre
06/20/2020,11125,138.0,292.0,0.0,Acre
06/21/2020,11263,138.0,297.0,0.0,Acre
06/22/2020,11539,276.0,305.0,0.0,Acre
06/23/2020,11810,271.0,321.0,0.0,Acre
06/24/2020,12022,212.0,326.0,0.0,Acre
06/25/2020,12304,282.0,335.0,0.0,Acre
04/08/2020,32,282.0,2.0,0.0,Alagoas
04/14/2020,50,18.0,3.0,0.0,Alagoas
04/15/2020,72,22.0,4.0,0.0,Alagoas
04/16/2020,89,17.0,5.0,0.0,Alagoas
04/17/2020,110,21.0,7.0,0.0,Alagoas
04/18/2020,132,22.0,12.0,0.0,Alagoas
04/19/2020,159,27.0,15.0,0.0,Alagoas
04/20/2020,171,12.0,18.0,0.0,Alagoas
04/21/2020,210,39.0,19.0,0.0,Alagoas
04/22/2020,243,33.0,20.0,0.0,Alagoas
04/23/2020,324,81.0,22.0,0.0,Alagoas
04/24/2020,413,89.0,27.0,0.0,Alagoas
04/26/2020,554,141.0,32.0,0.0,Alagoas
04/27/2020,643,89.0,34.0,0.0,Alagoas
04/28/2020,777,134.0,36.0,0.0,Alagoas
04/29/2020,957,180.0,41.0,0.0,Alagoas
04/30/2020,1044,87.0,47.0,0.0,Alagoas
05/01/2020,1226,182.0,53.0,0.0,Alagoas
05/02/2020,1372,146.0,58.0,0.0,Alagoas
05/03/2020,1441,69.0,64.0,0.0,Alagoas
05/04/2020,1538,97.0,72.0,0.0,Alagoas
05/05/2020,1606,68.0,80.0,0.0,Alagoas
05/06/2020,1703,97.0,89.0,0.0,Alagoas
05/07/2020,1867,164.0,98.0,0.0,Alagoas
05/08/2020,2033,166.0,108.0,0.0,Alagoas
05/09/2020,2172,139.0,114.0,0.0,Alagoas
05/10/2020,2258,86.0,126.0,0.0,Alagoas
05/11/2020,2343,85.0,138.0,0.0,Alagoas
05/12/2020,2580,237.0,150.0,0.0,Alagoas
05/13/2020,2761,181.0,164.0,0.0,Alagoas
05/14/2020,2986,225.0,164.0,0.0,Alagoas
05/15/2020,3212,226.0,187.0,0.0,Alagoas
05/16/2020,3593,381.0,199.0,0.0,Alagoas
05/17/2020,3816,223.0,210.0,0.0,Alagoas
05/18/2020,4031,215.0,221.0,0.0,Alagoas
05/19/2020,4316,285.0,231.0,0.0,Alagoas
05/20/2020,4437,121.0,251.0,0.0,Alagoas
05/21/2020,4916,479.0,262.0,0.0,Alagoas
05/22/2020,5302,386.0,280.0,0.0,Alagoas
05/23/2020,5630,328.0,301.0,0.0,Alagoas
05/24/2020,6214,584.0,316.0,0.0,Alagoas
05/25/2020,6682,468.0,337.0,0.0,Alagoas
05/26/2020,7058,376.0,354.0,0.0,Alagoas
05/27/2020,7580,522.0,368.0,0.0,Alagoas
05/28/2020,8055,475.0,385.0,0.0,Alagoas
05/29/2020,8618,563.0,406.0,0.0,Alagoas
05/30/2020,9223,605.0,424.0,0.0,Alagoas
05/31/2020,10288,1065.0,443.0,0.0,Alagoas
06/01/2020,10837,549.0,461.0,0.0,Alagoas
06/02/2020,11559,722.0,482.0,0.0,Alagoas
06/03/2020,12071,512.0,482.0,0.0,Alagoas
06/04/2020,12584,513.0,482.0,0.0,Alagoas
06/05/2020,13097,513.0,531.0,0.0,Alagoas
06/06/2020,13937,840.0,557.0,0.0,Alagoas
06/07/2020,14818,881.0,582.0,0.0,Alagoas
06/08/2020,16005,1187.0,582.0,0.0,Alagoas
06/09/2020,17193,1188.0,640.0,0.0,Alagoas
06/10/2020,18176,983.0,660.0,0.0,Alagoas
06/11/2020,19103,927.0,660.0,0.0,Alagoas
06/12/2020,20031,928.0,701.0,0.0,Alagoas
06/13/2020,20887,856.0,723.0,0.0,Alagoas
06/14/2020,22199,1312.0,744.0,0.0,Alagoas
06/15/2020,22962,763.0,768.0,0.0,Alagoas
06/16/2020,23632,670.0,793.0,0.0,Alagoas
06/17/2020,24867,1235.0,811.0,0.0,Alagoas
06/18/2020,25633,766.0,831.0,0.0,Alagoas
06/19/2020,26906,1273.0,848.0,0.0,Alagoas
06/20/2020,27302,396.0,848.0,0.0,Alagoas
06/21/2020,27698,396.0,866.0,0.0,Alagoas
06/22/2020,29395,1697.0,903.0,0.0,Alagoas
06/23/2020,30248,853.0,920.0,0.0,Alagoas
06/24/2020,31230,982.0,938.0,0.0,Alagoas
06/25/2020,32065,835.0,958.0,0.0,Alagoas
04/08/2020,48,835.0,2.0,0.0,Amapá
04/14/2020,242,194.0,5.0,0.0,Amapá
04/15/2020,307,65.0,6.0,0.0,Amapá
04/16/2020,362,55.0,9.0,0.0,Amapá
04/17/2020,370,8.0,10.0,0.0,Amapá
04/18/2020,393,23.0,10.0,0.0,Amapá
04/19/2020,416,23.0,11.0,0.0,Amapá
04/20/2020,433,17.0,13.0,0.0,Amapá
04/21/2020,457,24.0,13.0,0.0,Amapá
04/22/2020,479,22.0,14.0,0.0,Amapá
04/23/2020,548,69.0,16.0,0.0,Amapá
04/24/2020,633,85.0,18.0,0.0,Amapá
04/26/2020,798,165.0,21.0,0.0,Amapá
04/27/2020,842,44.0,26.0,0.0,Amapá
04/28/2020,918,76.0,28.0,0.0,Amapá
04/29/2020,1016,98.0,31.0,0.0,Amapá
04/30/2020,1080,64.0,34.0,0.0,Amapá
05/01/2020,1121,41.0,37.0,0.0,Amapá
05/02/2020,1187,66.0,40.0,0.0,Amapá
05/03/2020,1482,295.0,43.0,0.0,Amapá
05/04/2020,1733,251.0,49.0,0.0,Amapá
05/05/2020,1931,198.0,55.0,0.0,Amapá
05/06/2020,2046,115.0,56.0,0.0,Amapá
05/07/2020,2199,153.0,61.0,0.0,Amapá
05/08/2020,2322,123.0,66.0,0.0,Amapá
05/09/2020,2493,171.0,69.0,0.0,Amapá
05/10/2020,2613,120.0,72.0,0.0,Amapá
05/11/2020,2671,58.0,73.0,0.0,Amapá
05/12/2020,2910,239.0,86.0,0.0,Amapá
05/13/2020,3005,95.0,94.0,0.0,Amapá
05/14/2020,3317,312.0,94.0,0.0,Amapá
05/15/2020,3630,313.0,103.0,0.0,Amapá
05/16/2020,3834,204.0,108.0,0.0,Amapá
05/17/2020,3952,118.0,119.0,0.0,Amapá
05/18/2020,4023,71.0,127.0,0.0,Amapá
05/19/2020,4310,287.0,136.0,0.0,Amapá
05/20/2020,4549,239.0,142.0,0.0,Amapá
05/21/2020,5188,639.0,151.0,0.0,Amapá
05/22/2020,5655,467.0,157.0,0.0,Amapá
05/23/2020,6091,436.0,162.0,0.0,Amapá
05/24/2020,6353,262.0,163.0,0.0,Amapá
05/25/2020,6584,231.0,168.0,0.0,Amapá
05/26/2020,6967,383.0,173.0,0.0,Amapá
05/27/2020,7619,652.0,183.0,0.0,Amapá
05/28/2020,8152,533.0,198.0,0.0,Amapá
05/29/2020,8469,317.0,207.0,0.0,Amapá
05/30/2020,9313,844.0,215.0,0.0,Amapá
05/31/2020,9602,289.0,222.0,0.0,Amapá
06/01/2020,9890,288.0,228.0,0.0,Amapá
06/02/2020,10511,621.0,237.0,0.0,Amapá
06/03/2020,10857,346.0,237.0,0.0,Amapá
06/04/2020,11204,347.0,237.0,0.0,Amapá
06/05/2020,11551,347.0,254.0,0.0,Amapá
06/06/2020,12327,776.0,260.0,0.0,Amapá
06/07/2020,12773,446.0,269.0,0.0,Amapá
06/08/2020,13272,499.0,269.0,0.0,Amapá
06/09/2020,13771,499.0,285.0,0.0,Amapá
06/10/2020,14623,852.0,289.0,0.0,Amapá
06/11/2020,15153,530.0,289.0,0.0,Amapá
06/12/2020,15683,530.0,312.0,0.0,Amapá
06/13/2020,16322,639.0,319.0,0.0,Amapá
06/14/2020,16512,190.0,324.0,0.0,Amapá
06/15/2020,16813,301.0,329.0,0.0,Amapá
06/16/2020,18024,1211.0,337.0,0.0,Amapá
06/17/2020,18618,594.0,338.0,0.0,Amapá
06/18/2020,19387,769.0,342.0,0.0,Amapá
06/19/2020,19922,535.0,348.0,0.0,Amapá
06/20/2020,20748,826.0,348.0,0.0,Amapá
06/21/2020,21574,826.0,353.0,0.0,Amapá
06/22/2020,24682,3108.0,372.0,0.0,Amapá
06/23/2020,26437,1755.0,380.0,0.0,Amapá
06/24/2020,26919,482.0,387.0,0.0,Amapá
06/25/2020,27415,496.0,394.0,0.0,Amapá
04/08/2020,636,496.0,23.0,0.0,Amazonas
04/14/2020,1275,639.0,71.0,0.0,Amazonas
04/15/2020,1484,209.0,90.0,0.0,Amazonas
04/16/2020,1719,235.0,124.0,0.0,Amazonas
04/17/2020,1809,90.0,145.0,0.0,Amazonas
04/18/2020,1897,88.0,161.0,0.0,Amazonas
04/19/2020,2044,147.0,182.0,0.0,Amazonas
04/20/2020,2160,116.0,185.0,0.0,Amazonas
04/21/2020,2270,110.0,193.0,0.0,Amazonas
04/22/2020,2479,209.0,207.0,0.0,Amazonas
04/23/2020,2888,409.0,234.0,0.0,Amazonas
04/24/2020,3194,306.0,255.0,0.0,Amazonas
04/26/2020,3833,639.0,304.0,0.0,Amazonas
04/27/2020,3928,95.0,320.0,0.0,Amazonas
04/28/2020,4337,409.0,351.0,0.0,Amazonas
04/29/2020,4801,464.0,380.0,0.0,Amazonas
04/30/2020,5254,453.0,425.0,0.0,Amazonas
05/01/2020,5723,469.0,476.0,0.0,Amazonas
05/02/2020,6062,339.0,501.0,0.0,Amazonas
05/03/2020,6683,621.0,548.0,0.0,Amazonas
05/04/2020,7313,630.0,585.0,0.0,Amazonas
05/05/2020,8109,796.0,649.0,0.0,Amazonas
05/06/2020,9243,1134.0,751.0,0.0,Amazonas
05/07/2020,10099,856.0,806.0,0.0,Amazonas
05/08/2020,10727,628.0,874.0,0.0,Amazonas
05/09/2020,11925,1198.0,962.0,0.0,Amazonas
05/10/2020,12599,674.0,1004.0,0.0,Amazonas
05/11/2020,12919,320.0,1035.0,0.0,Amazonas
05/12/2020,14168,1249.0,1098.0,0.0,Amazonas
05/13/2020,15816,1648.0,1160.0,0.0,Amazonas
05/14/2020,17104,1288.0,1160.0,0.0,Amazonas
05/15/2020,18392,1288.0,1331.0,0.0,Amazonas
05/16/2020,19677,1285.0,1375.0,0.0,Amazonas
05/17/2020,20328,651.0,1413.0,0.0,Amazonas
05/18/2020,20913,585.0,1433.0,0.0,Amazonas
05/19/2020,22132,1219.0,1491.0,0.0,Amazonas
05/20/2020,23704,1572.0,1561.0,0.0,Amazonas
05/21/2020,25367,1663.0,1620.0,0.0,Amazonas
05/22/2020,27038,1671.0,1669.0,0.0,Amazonas
05/23/2020,28802,1764.0,1744.0,0.0,Amazonas
05/24/2020,29867,1065.0,1758.0,0.0,Amazonas
05/25/2020,30282,415.0,1781.0,0.0,Amazonas
05/26/2020,31949,1667.0,1852.0,0.0,Amazonas
05/27/2020,33508,1559.0,1891.0,0.0,Amazonas
05/28/2020,36146,2638.0,1964.0,0.0,Amazonas
05/29/2020,38909,2763.0,2011.0,0.0,Amazonas
05/30/2020,40560,1651.0,2047.0,0.0,Amazonas
05/31/2020,41378,818.0,2052.0,0.0,Amazonas
06/01/2020,41774,396.0,2071.0,0.0,Amazonas
06/02/2020,43195,1421.0,2102.0,0.0,Amazonas
06/03/2020,44287,1092.0,2102.0,0.0,Amazonas
06/04/2020,45380,1093.0,2102.0,0.0,Amazonas
06/05/2020,46473,1093.0,2183.0,0.0,Amazonas
06/06/2020,47666,1193.0,2199.0,0.0,Amazonas
06/07/2020,48785,1119.0,2232.0,0.0,Amazonas
06/08/2020,50009,1224.0,2232.0,0.0,Amazonas
06/09/2020,51234,1225.0,2315.0,0.0,Amazonas
06/10/2020,52849,1615.0,2363.0,0.0,Amazonas
06/11/2020,53980,1131.0,2363.0,0.0,Amazonas
06/12/2020,55111,1131.0,2429.0,0.0,Amazonas
06/13/2020,56026,915.0,2465.0,0.0,Amazonas
06/14/2020,56506,480.0,2492.0,0.0,Amazonas
06/15/2020,56777,271.0,2512.0,0.0,Amazonas
06/16/2020,58018,1241.0,2549.0,0.0,Amazonas
06/17/2020,59547,1529.0,2579.0,0.0,Amazonas
06/18/2020,60736,1189.0,2605.0,0.0,Amazonas
06/19/2020,61683,947.0,2624.0,0.0,Amazonas
06/20/2020,62292,609.0,2624.0,0.0,Amazonas
06/21/2020,62902,610.0,2650.0,0.0,Amazonas
06/22/2020,63731,829.0,2671.0,0.0,Amazonas
06/23/2020,65073,1342.0,2686.0,0.0,Amazonas
06/24/2020,66764,1691.0,2710.0,0.0,Amazonas
06/25/2020,67267,503.0,2731.0,0.0,Amazonas
04/08/2020,456,503.0,12.0,0.0,Bahia
04/14/2020,723,267.0,22.0,0.0,Bahia
04/15/2020,759,36.0,22.0,0.0,Bahia
04/16/2020,951,192.0,30.0,0.0,Bahia
04/17/2020,1059,108.0,36.0,0.0,Bahia
04/18/2020,1193,134.0,37.0,0.0,Bahia
04/19/2020,1230,37.0,45.0,0.0,Bahia
04/20/2020,1341,111.0,46.0,0.0,Bahia
04/21/2020,1489,148.0,47.0,0.0,Bahia
04/22/2020,1644,155.0,50.0,0.0,Bahia
04/23/2020,1789,145.0,59.0,0.0,Bahia
04/24/2020,1962,173.0,64.0,0.0,Bahia
04/26/2020,2209,247.0,73.0,0.0,Bahia
04/27/2020,2354,145.0,76.0,0.0,Bahia
04/28/2020,2540,186.0,86.0,0.0,Bahia
04/29/2020,2646,106.0,96.0,0.0,Bahia
04/30/2020,2851,205.0,104.0,0.0,Bahia
05/01/2020,3085,234.0,117.0,0.0,Bahia
05/02/2020,3315,230.0,123.0,0.0,Bahia
05/03/2020,3495,180.0,123.0,0.0,Bahia
05/04/2020,3708,213.0,134.0,0.0,Bahia
05/05/2020,4040,332.0,146.0,0.0,Bahia
05/06/2020,4301,261.0,160.0,0.0,Bahia
05/07/2020,4528,227.0,165.0,0.0,Bahia
05/08/2020,4818,290.0,183.0,0.0,Bahia
05/09/2020,5174,356.0,196.0,0.0,Bahia
05/10/2020,5558,384.0,202.0,0.0,Bahia
05/11/2020,5808,250.0,211.0,0.0,Bahia
05/12/2020,6204,396.0,225.0,0.0,Bahia
05/13/2020,6547,343.0,236.0,0.0,Bahia
05/14/2020,7337,790.0,236.0,0.0,Bahia
05/15/2020,8128,791.0,281.0,0.0,Bahia
05/16/2020,8314,186.0,286.0,0.0,Bahia
05/17/2020,8443,129.0,295.0,0.0,Bahia
05/18/2020,8581,138.0,312.0,0.0,Bahia
05/19/2020,11013,2432.0,326.0,0.0,Bahia
05/20/2020,11197,184.0,362.0,0.0,Bahia
05/21/2020,11941,744.0,376.0,0.0,Bahia
05/22/2020,12557,616.0,399.0,0.0,Bahia
05/23/2020,13000,443.0,413.0,0.0,Bahia
05/24/2020,13899,899.0,460.0,0.0,Bahia
05/25/2020,14204,305.0,477.0,0.0,Bahia
05/26/2020,14566,362.0,495.0,0.0,Bahia
05/27/2020,15070,504.0,531.0,0.0,Bahia
05/28/2020,15963,893.0,570.0,0.0,Bahia
05/29/2020,16917,954.0,609.0,0.0,Bahia
05/30/2020,17626,709.0,638.0,0.0,Bahia
05/31/2020,18392,766.0,667.0,0.0,Bahia
06/01/2020,18898,506.0,701.0,0.0,Bahia
06/02/2020,21430,2532.0,736.0,0.0,Bahia
06/03/2020,22107,677.0,736.0,0.0,Bahia
06/04/2020,22785,678.0,736.0,0.0,Bahia
06/05/2020,23463,678.0,790.0,0.0,Bahia
06/06/2020,26419,2956.0,819.0,0.0,Bahia
06/07/2020,27396,977.0,846.0,0.0,Bahia
06/08/2020,28938,1542.0,846.0,0.0,Bahia
06/09/2020,30481,1543.0,937.0,0.0,Bahia
06/10/2020,32685,2204.0,975.0,0.0,Bahia
06/11/2020,33675,990.0,975.0,0.0,Bahia
06/12/2020,34665,990.0,1039.0,0.0,Bahia
06/13/2020,35788,1123.0,1069.0,0.0,Bahia
06/14/2020,36401,613.0,1105.0,0.0,Bahia
06/15/2020,37620,1219.0,1145.0,0.0,Bahia
06/16/2020,39206,1586.0,1181.0,0.0,Bahia
06/17/2020,40926,1720.0,1222.0,0.0,Bahia
06/18/2020,41577,651.0,1263.0,0.0,Bahia
06/19/2020,43922,2345.0,1305.0,0.0,Bahia
06/20/2020,44613,691.0,1305.0,0.0,Bahia
06/21/2020,45304,691.0,1350.0,0.0,Bahia
06/22/2020,47086,1782.0,1441.0,0.0,Bahia
06/23/2020,49084,1998.0,1491.0,0.0,Bahia
06/24/2020,51931,2847.0,1541.0,0.0,Bahia
06/25/2020,54291,2360.0,1601.0,0.0,Bahia
04/08/2020,1051,2360.0,31.0,0.0,Ceará
04/14/2020,1800,749.0,91.0,0.0,Ceará
04/15/2020,2005,205.0,107.0,0.0,Ceará
04/16/2020,2386,381.0,124.0,0.0,Ceará
04/17/2020,2684,298.0,149.0,0.0,Ceará
04/18/2020,3034,350.0,176.0,0.0,Ceará
04/19/2020,3252,218.0,186.0,0.0,Ceará
04/20/2020,3482,230.0,198.0,0.0,Ceará
04/21/2020,3716,234.0,215.0,0.0,Ceará
04/22/2020,3910,194.0,233.0,0.0,Ceará
04/23/2020,4598,688.0,266.0,0.0,Ceará
04/24/2020,4800,202.0,284.0,0.0,Ceará
04/26/2020,5833,1033.0,327.0,0.0,Ceará
04/27/2020,6726,893.0,390.0,0.0,Ceará
04/28/2020,6918,192.0,403.0,0.0,Ceará
04/29/2020,7267,349.0,441.0,0.0,Ceará
04/30/2020,7606,339.0,482.0,0.0,Ceará
05/01/2020,7879,273.0,505.0,0.0,Ceará
05/02/2020,8309,430.0,638.0,0.0,Ceará
05/03/2020,8370,61.0,663.0,0.0,Ceará
05/04/2020,8501,131.0,691.0,0.0,Ceará
05/05/2020,11470,2969.0,795.0,0.0,Ceará
05/06/2020,12304,834.0,848.0,0.0,Ceará
05/07/2020,13888,1584.0,903.0,0.0,Ceará
05/08/2020,14956,1068.0,966.0,0.0,Ceará
05/09/2020,15879,923.0,1062.0,0.0,Ceará
05/10/2020,16692,813.0,1114.0,0.0,Ceará
05/11/2020,17599,907.0,1189.0,0.0,Ceará
05/12/2020,18412,813.0,1280.0,0.0,Ceará
05/13/2020,19156,744.0,1389.0,0.0,Ceará
05/14/2020,20823,1667.0,1389.0,0.0,Ceará
05/15/2020,22490,1667.0,1476.0,0.0,Ceará
05/16/2020,23795,1305.0,1614.0,0.0,Ceará
05/17/2020,24255,460.0,1641.0,0.0,Ceará
05/18/2020,26363,2108.0,1748.0,0.0,Ceará
05/19/2020,28112,1749.0,1856.0,0.0,Ceará
05/20/2020,30560,2448.0,1900.0,0.0,Ceará
05/21/2020,31413,853.0,2161.0,0.0,Ceará
05/22/2020,34573,3160.0,2251.0,0.0,Ceará
05/23/2020,35122,549.0,2308.0,0.0,Ceará
05/24/2020,35595,473.0,2324.0,0.0,Ceará
05/25/2020,36185,590.0,2493.0,0.0,Ceará
05/26/2020,37021,836.0,2603.0,0.0,Ceará
05/27/2020,37275,254.0,2671.0,0.0,Ceará
05/28/2020,37821,546.0,2733.0,0.0,Ceará
05/29/2020,38395,574.0,2859.0,0.0,Ceará
05/30/2020,46506,8111.0,2956.0,0.0,Ceará
05/31/2020,48489,1983.0,3010.0,0.0,Ceará
06/01/2020,50504,2015.0,3188.0,0.0,Ceará
06/02/2020,53073,2569.0,3421.0,0.0,Ceará
06/03/2020,54564,1491.0,3421.0,0.0,Ceará
06/04/2020,56056,1492.0,3605.0,0.0,Ceará
06/05/2020,59795,3739.0,3813.0,0.0,Ceará
06/06/2020,61595,1800.0,3890.0,0.0,Ceará
06/07/2020,63575,1980.0,3965.0,0.0,Ceará
06/08/2020,65979,2404.0,3965.0,0.0,Ceará
06/09/2020,68384,2405.0,4309.0,0.0,Ceará
06/10/2020,71402,3018.0,4480.0,0.0,Ceará
06/11/2020,73553,2151.0,4480.0,0.0,Ceará
06/12/2020,75705,2152.0,4788.0,0.0,Ceará
06/13/2020,76429,724.0,4829.0,0.0,Ceará
06/14/2020,76748,319.0,4861.0,0.0,Ceará
06/15/2020,79462,2714.0,4999.0,0.0,Ceará
06/16/2020,81289,1827.0,5070.0,0.0,Ceará
06/17/2020,84967,3678.0,5282.0,0.0,Ceará
06/18/2020,87273,2306.0,5377.0,0.0,Ceará
06/19/2020,89863,2590.0,5460.0,0.0,Ceará
06/20/2020,91009,1146.0,5460.0,0.0,Ceará
06/21/2020,92156,1147.0,5518.0,0.0,Ceará
06/22/2020,94158,2002.0,5604.0,0.0,Ceará
06/23/2020,97528,3370.0,5717.0,0.0,Ceará
06/24/2020,99578,2050.0,5815.0,0.0,Ceará
06/25/2020,102126,2548.0,5875.0,0.0,Ceará
04/08/2020,209,2548.0,6.0,0.0,Espírito Santo
04/15/2020,463,254.0,17.0,0.0,Espírito Santo
04/16/2020,754,291.0,22.0,0.0,Espírito Santo
04/17/2020,856,102.0,25.0,0.0,Espírito Santo
04/18/2020,952,96.0,28.0,0.0,Espírito Santo
04/19/2020,1099,147.0,30.0,0.0,Espírito Santo
04/20/2020,1168,69.0,33.0,0.0,Espírito Santo
04/21/2020,1212,44.0,34.0,0.0,Espírito Santo
04/22/2020,1313,101.0,34.0,0.0,Espírito Santo
04/23/2020,1363,50.0,42.0,0.0,Espírito Santo
04/24/2020,1381,18.0,42.0,0.0,Espírito Santo
04/26/2020,1703,322.0,51.0,0.0,Espírito Santo
04/27/2020,1796,93.0,57.0,0.0,Espírito Santo
04/28/2020,1874,78.0,64.0,0.0,Espírito Santo
04/29/2020,2107,233.0,76.0,0.0,Espírito Santo
04/30/2020,2465,358.0,83.0,0.0,Espírito Santo
05/01/2020,2662,197.0,96.0,0.0,Espírito Santo
05/02/2020,2985,323.0,103.0,0.0,Espírito Santo
05/03/2020,3086,101.0,114.0,0.0,Espírito Santo
05/04/2020,3162,76.0,116.0,0.0,Espírito Santo
05/05/2020,3402,240.0,133.0,0.0,Espírito Santo
05/06/2020,3568,166.0,145.0,0.0,Espírito Santo
05/07/2020,3838,270.0,155.0,0.0,Espírito Santo
05/08/2020,4242,404.0,165.0,0.0,Espírito Santo
05/09/2020,4412,170.0,172.0,0.0,Espírito Santo
05/10/2020,4599,187.0,181.0,0.0,Espírito Santo
05/11/2020,4819,220.0,196.0,0.0,Espírito Santo
05/12/2020,5087,268.0,212.0,0.0,Espírito Santo
05/13/2020,5401,314.0,233.0,0.0,Espírito Santo
05/14/2020,5799,398.0,233.0,0.0,Espírito Santo
05/15/2020,6198,399.0,260.0,0.0,Espírito Santo
05/16/2020,6595,397.0,271.0,0.0,Espírito Santo
05/17/2020,6744,149.0,285.0,0.0,Espírito Santo
05/18/2020,7157,413.0,302.0,0.0,Espírito Santo
05/19/2020,7693,536.0,325.0,0.0,Espírito Santo
05/20/2020,8092,399.0,341.0,0.0,Espírito Santo
05/21/2020,8878,786.0,363.0,0.0,Espírito Santo
05/22/2020,9520,642.0,397.0,0.0,Espírito Santo
05/23/2020,9918,398.0,417.0,0.0,Espírito Santo
05/24/2020,10007,89.0,446.0,0.0,Espírito Santo
05/25/2020,10365,358.0,465.0,0.0,Espírito Santo
05/26/2020,10889,524.0,487.0,0.0,Espírito Santo
05/27/2020,11484,595.0,511.0,0.0,Espírito Santo
05/28/2020,12203,719.0,538.0,0.0,Espírito Santo
05/29/2020,12903,700.0,560.0,0.0,Espírito Santo
05/30/2020,13437,534.0,583.0,0.0,Espírito Santo
05/31/2020,13690,253.0,604.0,0.0,Espírito Santo
06/01/2020,14069,379.0,614.0,0.0,Espírito Santo
06/02/2020,15151,1082.0,664.0,0.0,Espírito Santo
06/03/2020,15732,581.0,664.0,0.0,Espírito Santo
06/04/2020,16313,581.0,664.0,0.0,Espírito Santo
06/05/2020,16894,581.0,737.0,0.0,Espírito Santo
06/06/2020,18109,1215.0,780.0,0.0,Espírito Santo
06/07/2020,18950,841.0,806.0,0.0,Espírito Santo
06/08/2020,20457,1507.0,806.0,0.0,Espírito Santo
06/09/2020,21964,1507.0,904.0,0.0,Espírito Santo
06/10/2020,23344,1380.0,936.0,0.0,Espírito Santo
06/11/2020,24300,956.0,936.0,0.0,Espírito Santo
06/12/2020,25257,957.0,986.0,0.0,Espírito Santo
06/13/2020,25932,675.0,1022.0,0.0,Espírito Santo
06/14/2020,26441,509.0,1054.0,0.0,Espírito Santo
06/15/2020,27581,1140.0,1086.0,0.0,Espírito Santo
06/16/2020,28952,1371.0,1131.0,0.0,Espírito Santo
06/17/2020,30441,1489.0,1169.0,0.0,Espírito Santo
06/18/2020,31671,1230.0,1217.0,0.0,Espírito Santo
06/19/2020,33142,1471.0,1265.0,0.0,Espírito Santo
06/20/2020,33679,537.0,1265.0,0.0,Espírito Santo
06/21/2020,34216,537.0,1297.0,0.0,Espírito Santo
06/22/2020,35784,1568.0,1362.0,0.0,Espírito Santo
06/23/2020,36827,1043.0,1425.0,0.0,Espírito Santo
06/24/2020,38481,1654.0,1463.0,0.0,Espírito Santo
06/25/2020,40246,1765.0,1490.0,0.0,Espírito Santo
04/08/2020,492,1765.0,12.0,0.0,Federal District
04/15/2020,651,159.0,17.0,0.0,Federal District
04/16/2020,716,65.0,20.0,0.0,Federal District
04/17/2020,746,30.0,20.0,0.0,Federal District
04/18/2020,762,16.0,24.0,0.0,Federal District
04/19/2020,827,65.0,24.0,0.0,Federal District
04/20/2020,872,45.0,24.0,0.0,Federal District
04/21/2020,881,9.0,24.0,0.0,Federal District
04/22/2020,946,65.0,25.0,0.0,Federal District
04/23/2020,963,17.0,25.0,0.0,Federal District
04/24/2020,989,26.0,26.0,0.0,Federal District
04/26/2020,1066,77.0,27.0,0.0,Federal District
04/27/2020,1146,80.0,27.0,0.0,Federal District
04/28/2020,1213,67.0,28.0,0.0,Federal District
04/29/2020,1275,62.0,28.0,0.0,Federal District
04/30/2020,1356,81.0,30.0,0.0,Federal District
05/01/2020,1466,110.0,30.0,0.0,Federal District
05/02/2020,1566,100.0,31.0,0.0,Federal District
05/03/2020,1649,83.0,33.0,0.0,Federal District
05/04/2020,1768,119.0,33.0,0.0,Federal District
05/05/2020,1818,50.0,33.0,0.0,Federal District
05/06/2020,1906,88.0,34.0,0.0,Federal District
05/07/2020,2258,352.0,35.0,0.0,Federal District
05/08/2020,2442,184.0,37.0,0.0,Federal District
05/09/2020,2576,134.0,39.0,0.0,Federal District
05/10/2020,2682,106.0,42.0,0.0,Federal District
05/11/2020,2783,101.0,44.0,0.0,Federal District
05/12/2020,2979,196.0,46.0,0.0,Federal District
05/13/2020,3192,213.0,48.0,0.0,Federal District
05/14/2020,3489,297.0,48.0,0.0,Federal District
05/15/2020,3787,298.0,55.0,0.0,Federal District
05/16/2020,4140,353.0,56.0,0.0,Federal District
05/17/2020,4368,228.0,59.0,0.0,Federal District
05/18/2020,4619,251.0,66.0,0.0,Federal District
05/19/2020,4853,234.0,72.0,0.0,Federal District
05/20/2020,5161,308.0,77.0,0.0,Federal District
05/21/2020,5542,381.0,84.0,0.0,Federal District
05/22/2020,5948,406.0,90.0,0.0,Federal District
05/23/2020,6251,303.0,95.0,0.0,Federal District
05/24/2020,6638,387.0,104.0,0.0,Federal District
05/25/2020,6930,292.0,114.0,0.0,Federal District
05/26/2020,7210,280.0,124.0,0.0,Federal District
05/27/2020,7761,551.0,133.0,0.0,Federal District
05/28/2020,8300,539.0,142.0,0.0,Federal District
05/29/2020,8722,422.0,154.0,0.0,Federal District
05/30/2020,9474,752.0,162.0,0.0,Federal District
05/31/2020,9780,306.0,170.0,0.0,Federal District
06/01/2020,10510,730.0,171.0,0.0,Federal District
06/02/2020,11256,746.0,177.0,0.0,Federal District
06/03/2020,11811,555.0,177.0,0.0,Federal District
06/04/2020,12367,556.0,177.0,0.0,Federal District
06/05/2020,12923,556.0,196.0,0.0,Federal District
06/06/2020,14208,1285.0,202.0,0.0,Federal District
06/07/2020,15850,1642.0,208.0,0.0,Federal District
06/08/2020,16970,1120.0,208.0,0.0,Federal District
06/09/2020,18090,1120.0,236.0,0.0,Federal District
06/10/2020,19433,1343.0,256.0,0.0,Federal District
06/11/2020,20414,981.0,256.0,0.0,Federal District
06/12/2020,21396,982.0,282.0,0.0,Federal District
06/13/2020,21959,563.0,293.0,0.0,Federal District
06/14/2020,22871,912.0,304.0,0.0,Federal District
06/15/2020,23684,813.0,319.0,0.0,Federal District
06/16/2020,25380,1696.0,348.0,0.0,Federal District
06/17/2020,27140,1760.0,365.0,0.0,Federal District
06/18/2020,28521,1381.0,379.0,0.0,Federal District
06/19/2020,30902,2381.0,396.0,0.0,Federal District
06/20/2020,31570,668.0,396.0,0.0,Federal District
06/21/2020,32238,668.0,404.0,0.0,Federal District
06/22/2020,34148,1910.0,449.0,0.0,Federal District
06/23/2020,35368,1220.0,475.0,0.0,Federal District
06/24/2020,37254,1886.0,495.0,0.0,Federal District
06/25/2020,38871,1617.0,509.0,0.0,Federal District
04/08/2020,133,1617.0,5.0,0.0,Goiás
04/15/2020,284,151.0,15.0,0.0,Goiás
04/16/2020,318,34.0,16.0,0.0,Goiás
04/17/2020,335,17.0,16.0,0.0,Goiás
04/18/2020,378,43.0,18.0,0.0,Goiás
04/19/2020,393,15.0,18.0,0.0,Goiás
04/20/2020,403,10.0,19.0,0.0,Goiás
04/21/2020,421,18.0,19.0,0.0,Goiás
04/22/2020,438,17.0,21.0,0.0,Goiás
04/23/2020,453,15.0,23.0,0.0,Goiás
04/24/2020,486,33.0,24.0,0.0,Goiás
04/26/2020,573,87.0,25.0,0.0,Goiás
04/27/2020,616,43.0,26.0,0.0,Goiás
04/28/2020,661,45.0,27.0,0.0,Goiás
04/29/2020,705,44.0,27.0,0.0,Goiás
04/30/2020,781,76.0,29.0,0.0,Goiás
05/01/2020,808,27.0,29.0,0.0,Goiás
05/02/2020,825,17.0,30.0,0.0,Goiás
05/03/2020,850,25.0,30.0,0.0,Goiás
05/04/2020,861,11.0,30.0,0.0,Goiás
05/05/2020,922,61.0,38.0,0.0,Goiás
05/06/2020,1024,102.0,45.0,0.0,Goiás
05/07/2020,1027,3.0,47.0,0.0,Goiás
05/08/2020,1053,26.0,49.0,0.0,Goiás
05/09/2020,1069,16.0,49.0,0.0,Goiás
05/10/2020,1093,24.0,49.0,0.0,Goiás
05/11/2020,1100,7.0,49.0,0.0,Goiás
05/12/2020,1115,15.0,52.0,0.0,Goiás
05/13/2020,1134,19.0,61.0,0.0,Goiás
05/14/2020,1353,219.0,61.0,0.0,Goiás
05/15/2020,1572,219.0,67.0,0.0,Goiás
05/16/2020,1640,68.0,69.0,0.0,Goiás
05/17/2020,1692,52.0,70.0,0.0,Goiás
05/18/2020,1749,57.0,73.0,0.0,Goiás
05/19/2020,1846,97.0,73.0,0.0,Goiás
05/20/2020,1978,132.0,78.0,0.0,Goiás
05/21/2020,2114,136.0,85.0,0.0,Goiás
05/22/2020,2304,190.0,93.0,0.0,Goiás
05/23/2020,2377,73.0,95.0,0.0,Goiás
05/24/2020,2443,66.0,95.0,0.0,Goiás
05/25/2020,2512,69.0,96.0,0.0,Goiás
05/26/2020,2671,159.0,104.0,0.0,Goiás
05/27/2020,2843,172.0,108.0,0.0,Goiás
05/28/2020,3090,247.0,115.0,0.0,Goiás
05/29/2020,3319,229.0,119.0,0.0,Goiás
05/30/2020,3585,266.0,122.0,0.0,Goiás
05/31/2020,3702,117.0,124.0,0.0,Goiás
06/01/2020,3906,204.0,127.0,0.0,Goiás
06/02/2020,4377,471.0,151.0,0.0,Goiás
06/03/2020,4566,189.0,151.0,0.0,Goiás
06/04/2020,4755,189.0,151.0,0.0,Goiás
06/05/2020,4944,189.0,164.0,0.0,Goiás
06/06/2020,5373,429.0,167.0,0.0,Goiás
06/07/2020,5669,296.0,172.0,0.0,Goiás
06/08/2020,6095,426.0,172.0,0.0,Goiás
06/09/2020,6521,426.0,180.0,0.0,Goiás
06/10/2020,7159,638.0,188.0,0.0,Goiás
06/11/2020,7502,343.0,188.0,0.0,Goiás
06/12/2020,7846,344.0,194.0,0.0,Goiás
06/13/2020,7940,94.0,208.0,0.0,Goiás
06/14/2020,7944,4.0,211.0,0.0,Goiás
06/15/2020,10182,2238.0,226.0,0.0,Goiás
06/16/2020,11264,1082.0,246.0,0.0,Goiás
06/17/2020,12236,972.0,252.0,0.0,Goiás
06/18/2020,13304,1068.0,264.0,0.0,Goiás
06/19/2020,14027,723.0,281.0,0.0,Goiás
06/20/2020,14453,426.0,281.0,0.0,Goiás
06/21/2020,14880,427.0,295.0,0.0,Goiás
06/22/2020,16536,1656.0,311.0,0.0,Goiás
06/23/2020,17568,1032.0,329.0,0.0,Goiás
06/24/2020,18622,1054.0,363.0,0.0,Goiás
06/25/2020,19547,925.0,384.0,0.0,Goiás
04/08/2020,172,925.0,4.0,0.0,Maranhão
04/14/2020,445,273.0,27.0,0.0,Maranhão
04/15/2020,478,33.0,32.0,0.0,Maranhão
04/16/2020,695,217.0,37.0,0.0,Maranhão
04/17/2020,797,102.0,40.0,0.0,Maranhão
04/18/2020,1040,243.0,44.0,0.0,Maranhão
04/19/2020,1205,165.0,48.0,0.0,Maranhão
04/20/2020,1320,115.0,54.0,0.0,Maranhão
04/21/2020,1396,76.0,60.0,0.0,Maranhão
04/22/2020,1604,208.0,66.0,0.0,Maranhão
04/23/2020,1757,153.0,76.0,0.0,Maranhão
04/24/2020,1951,194.0,88.0,0.0,Maranhão
04/26/2020,2223,272.0,112.0,0.0,Maranhão
04/27/2020,2410,187.0,125.0,0.0,Maranhão
04/28/2020,2528,118.0,145.0,0.0,Maranhão
04/29/2020,2804,276.0,166.0,0.0,Maranhão
04/30/2020,3190,386.0,184.0,0.0,Maranhão
05/01/2020,3506,316.0,204.0,0.0,Maranhão
05/02/2020,3805,299.0,224.0,0.0,Maranhão
05/03/2020,4040,235.0,237.0,0.0,Maranhão
05/04/2020,4227,187.0,249.0,0.0,Maranhão
05/05/2020,4530,303.0,271.0,0.0,Maranhão
05/06/2020,5028,498.0,291.0,0.0,Maranhão
05/07/2020,5389,361.0,305.0,0.0,Maranhão
05/08/2020,5909,520.0,330.0,0.0,Maranhão
05/09/2020,6765,856.0,355.0,0.0,Maranhão
05/10/2020,7599,834.0,379.0,0.0,Maranhão
05/11/2020,8144,545.0,399.0,0.0,Maranhão
05/12/2020,8526,382.0,423.0,0.0,Maranhão
05/13/2020,9112,586.0,444.0,0.0,Maranhão
05/14/2020,9925,813.0,444.0,0.0,Maranhão
05/15/2020,10739,814.0,496.0,0.0,Maranhão
05/16/2020,11592,853.0,524.0,0.0,Maranhão
05/17/2020,12492,900.0,549.0,0.0,Maranhão
05/18/2020,13238,746.0,576.0,0.0,Maranhão
05/19/2020,14198,960.0,604.0,0.0,Maranhão
05/20/2020,15114,916.0,634.0,0.0,Maranhão
05/21/2020,16058,944.0,663.0,0.0,Maranhão
05/22/2020,17212,1154.0,693.0,0.0,Maranhão
05/23/2020,18767,1555.0,722.0,0.0,Maranhão
05/24/2020,21191,2424.0,754.0,0.0,Maranhão
05/25/2020,22786,1595.0,784.0,0.0,Maranhão
05/26/2020,24278,1492.0,817.0,0.0,Maranhão
05/27/2020,26145,1867.0,853.0,0.0,Maranhão
05/28/2020,27979,1834.0,887.0,0.0,Maranhão
05/29/2020,30482,2503.0,911.0,0.0,Maranhão
05/30/2020,32620,2138.0,932.0,0.0,Maranhão
05/31/2020,34639,2019.0,955.0,0.0,Maranhão
06/01/2020,35297,658.0,976.0,0.0,Maranhão
06/02/2020,36625,1328.0,997.0,0.0,Maranhão
06/03/2020,37959,1334.0,997.0,0.0,Maranhão
06/04/2020,39294,1335.0,997.0,0.0,Maranhão
06/05/2020,40629,1335.0,1062.0,0.0,Maranhão
06/06/2020,43313,2684.0,1095.0,0.0,Maranhão
06/07/2020,45470,2157.0,1132.0,0.0,Maranhão
06/08/2020,48769,3299.0,1132.0,0.0,Maranhão
06/09/2020,52069,3300.0,1285.0,0.0,Maranhão
06/10/2020,53508,1439.0,1322.0,0.0,Maranhão
06/11/2020,55556,2048.0,1322.0,0.0,Maranhão
06/12/2020,57605,2049.0,1399.0,0.0,Maranhão
06/13/2020,58859,1254.0,1436.0,0.0,Maranhão
06/14/2020,59850,991.0,1467.0,0.0,Maranhão
06/15/2020,60592,742.0,1499.0,0.0,Maranhão
06/16/2020,62711,2119.0,1537.0,0.0,Maranhão
06/17/2020,64735,2024.0,1570.0,0.0,Maranhão
06/18/2020,66091,1356.0,1607.0,0.0,Maranhão
06/19/2020,68500,2409.0,1645.0,0.0,Maranhão
06/20/2020,69086,586.0,1645.0,0.0,Maranhão
06/21/2020,69673,587.0,1684.0,0.0,Maranhão
06/22/2020,70689,1016.0,1760.0,0.0,Maranhão
06/23/2020,72021,1332.0,1797.0,0.0,Maranhão
06/24/2020,73314,1293.0,1836.0,0.0,Maranhão
06/25/2020,74925,1611.0,1871.0,0.0,Maranhão
04/08/2020,78,1611.0,1.0,0.0,Mato Grosso
04/15/2020,138,60.0,4.0,0.0,Mato Grosso
04/16/2020,156,18.0,5.0,0.0,Mato Grosso
04/17/2020,162,6.0,5.0,0.0,Mato Grosso
04/18/2020,171,9.0,5.0,0.0,Mato Grosso
04/19/2020,174,3.0,5.0,0.0,Mato Grosso
04/20/2020,181,7.0,6.0,0.0,Mato Grosso
04/22/2020,183,2.0,6.0,0.0,Mato Grosso
04/23/2020,221,38.0,7.0,0.0,Mato Grosso
04/24/2020,240,19.0,8.0,0.0,Mato Grosso
04/26/2020,250,10.0,9.0,0.0,Mato Grosso
04/27/2020,257,7.0,10.0,0.0,Mato Grosso
04/28/2020,261,4.0,11.0,0.0,Mato Grosso
04/29/2020,292,31.0,11.0,0.0,Mato Grosso
04/30/2020,297,5.0,11.0,0.0,Mato Grosso
05/01/2020,320,23.0,11.0,0.0,Mato Grosso
05/02/2020,331,11.0,12.0,0.0,Mato Grosso
05/03/2020,337,6.0,12.0,0.0,Mato Grosso
05/04/2020,344,7.0,13.0,0.0,Mato Grosso
05/05/2020,365,21.0,13.0,0.0,Mato Grosso
05/06/2020,379,14.0,13.0,0.0,Mato Grosso
05/07/2020,417,38.0,13.0,0.0,Mato Grosso
05/08/2020,457,40.0,14.0,0.0,Mato Grosso
05/09/2020,502,45.0,16.0,0.0,Mato Grosso
05/10/2020,519,17.0,18.0,0.0,Mato Grosso
05/11/2020,541,22.0,19.0,0.0,Mato Grosso
05/12/2020,591,50.0,19.0,0.0,Mato Grosso
05/13/2020,661,70.0,20.0,0.0,Mato Grosso
05/14/2020,720,59.0,20.0,0.0,Mato Grosso
05/15/2020,779,59.0,26.0,0.0,Mato Grosso
05/16/2020,851,72.0,27.0,0.0,Mato Grosso
05/17/2020,901,50.0,27.0,0.0,Mato Grosso
05/18/2020,937,36.0,29.0,0.0,Mato Grosso
05/19/2020,995,58.0,32.0,0.0,Mato Grosso
05/20/2020,1054,59.0,32.0,0.0,Mato Grosso
05/21/2020,1172,118.0,34.0,0.0,Mato Grosso
05/22/2020,1220,48.0,37.0,0.0,Mato Grosso
05/23/2020,1352,132.0,37.0,0.0,Mato Grosso
05/24/2020,1462,110.0,40.0,0.0,Mato Grosso
05/25/2020,1500,38.0,41.0,0.0,Mato Grosso
05/26/2020,1628,128.0,43.0,0.0,Mato Grosso
05/27/2020,1839,211.0,46.0,0.0,Mato Grosso
05/28/2020,1951,112.0,51.0,0.0,Mato Grosso
05/29/2020,2103,152.0,56.0,0.0,Mato Grosso
05/30/2020,2361,258.0,57.0,0.0,Mato Grosso
05/31/2020,2429,68.0,61.0,0.0,Mato Grosso
06/01/2020,2541,112.0,66.0,0.0,Mato Grosso
06/02/2020,2709,168.0,70.0,0.0,Mato Grosso
06/03/2020,2778,69.0,70.0,0.0,Mato Grosso
06/04/2020,2848,70.0,76.0,0.0,Mato Grosso
06/05/2020,3194,346.0,82.0,0.0,Mato Grosso
06/06/2020,3481,287.0,88.0,0.0,Mato Grosso
06/07/2020,3662,181.0,96.0,0.0,Mato Grosso
06/08/2020,4000,338.0,96.0,0.0,Mato Grosso
06/09/2020,4339,339.0,135.0,0.0,Mato Grosso
06/10/2020,4602,263.0,146.0,0.0,Mato Grosso
06/11/2020,4982,380.0,146.0,0.0,Mato Grosso
06/12/2020,5363,381.0,175.0,0.0,Mato Grosso
06/13/2020,5524,161.0,192.0,0.0,Mato Grosso
06/14/2020,5861,337.0,209.0,0.0,Mato Grosso
06/15/2020,6185,324.0,216.0,0.0,Mato Grosso
06/16/2020,6388,203.0,226.0,0.0,Mato Grosso
06/17/2020,7124,736.0,266.0,0.0,Mato Grosso
06/18/2020,7512,388.0,281.0,0.0,Mato Grosso
06/19/2020,8353,841.0,309.0,0.0,Mato Grosso
06/20/2020,8657,304.0,309.0,0.0,Mato Grosso
06/21/2020,8962,305.0,335.0,0.0,Mato Grosso
06/22/2020,10021,1059.0,384.0,0.0,Mato Grosso
06/23/2020,10659,638.0,401.0,0.0,Mato Grosso
06/24/2020,11443,784.0,443.0,0.0,Mato Grosso
06/25/2020,12157,714.0,462.0,0.0,Mato Grosso
04/08/2020,80,714.0,2.0,0.0,Mato Grosso do Sul
04/15/2020,115,35.0,4.0,0.0,Mato Grosso do Sul
04/16/2020,131,16.0,5.0,0.0,Mato Grosso do Sul
04/17/2020,143,12.0,5.0,0.0,Mato Grosso do Sul
04/18/2020,161,18.0,5.0,0.0,Mato Grosso do Sul
04/19/2020,168,7.0,5.0,0.0,Mato Grosso do Sul
04/20/2020,171,3.0,5.0,0.0,Mato Grosso do Sul
04/21/2020,173,2.0,6.0,0.0,Mato Grosso do Sul
04/22/2020,175,2.0,6.0,0.0,Mato Grosso do Sul
04/23/2020,186,11.0,7.0,0.0,Mato Grosso do Sul
04/24/2020,213,27.0,7.0,0.0,Mato Grosso do Sul
04/26/2020,234,21.0,7.0,0.0,Mato Grosso do Sul
04/27/2020,238,4.0,9.0,0.0,Mato Grosso do Sul
04/28/2020,240,2.0,9.0,0.0,Mato Grosso do Sul
04/29/2020,249,9.0,9.0,0.0,Mato Grosso do Sul
04/30/2020,255,6.0,9.0,0.0,Mato Grosso do Sul
05/01/2020,261,6.0,9.0,0.0,Mato Grosso do Sul
05/02/2020,266,5.0,9.0,0.0,Mato Grosso do Sul
05/03/2020,272,6.0,10.0,0.0,Mato Grosso do Sul
05/04/2020,274,2.0,10.0,0.0,Mato Grosso do Sul
05/05/2020,283,9.0,10.0,0.0,Mato Grosso do Sul
05/06/2020,288,5.0,10.0,0.0,Mato Grosso do Sul
05/07/2020,311,23.0,10.0,0.0,Mato Grosso do Sul
05/08/2020,326,15.0,11.0,0.0,Mato Grosso do Sul
05/09/2020,346,20.0,11.0,0.0,Mato Grosso do Sul
05/10/2020,362,16.0,11.0,0.0,Mato Grosso do Sul
05/11/2020,385,23.0,11.0,0.0,Mato Grosso do Sul
05/12/2020,405,20.0,12.0,0.0,Mato Grosso do Sul
05/13/2020,430,25.0,13.0,0.0,Mato Grosso do Sul
05/14/2020,454,24.0,13.0,0.0,Mato Grosso do Sul
05/15/2020,479,25.0,14.0,0.0,Mato Grosso do Sul
05/16/2020,508,29.0,15.0,0.0,Mato Grosso do Sul
05/17/2020,570,62.0,15.0,0.0,Mato Grosso do Sul
05/18/2020,613,43.0,16.0,0.0,Mato Grosso do Sul
05/19/2020,642,29.0,16.0,0.0,Mato Grosso do Sul
05/20/2020,693,51.0,17.0,0.0,Mato Grosso do Sul
05/21/2020,746,53.0,17.0,0.0,Mato Grosso do Sul
05/22/2020,805,59.0,17.0,0.0,Mato Grosso do Sul
05/23/2020,858,53.0,17.0,0.0,Mato Grosso do Sul
05/24/2020,924,66.0,17.0,0.0,Mato Grosso do Sul
05/25/2020,1023,99.0,17.0,0.0,Mato Grosso do Sul
05/26/2020,1100,77.0,17.0,0.0,Mato Grosso do Sul
05/27/2020,1186,86.0,18.0,0.0,Mato Grosso do Sul
05/28/2020,1262,76.0,18.0,0.0,Mato Grosso do Sul
05/29/2020,1356,94.0,18.0,0.0,Mato Grosso do Sul
05/30/2020,1418,62.0,19.0,0.0,Mato Grosso do Sul
05/31/2020,1489,71.0,20.0,0.0,Mato Grosso do Sul
06/01/2020,1568,79.0,20.0,0.0,Mato Grosso do Sul
06/02/2020,1646,78.0,20.0,0.0,Mato Grosso do Sul
06/03/2020,1739,93.0,20.0,0.0,Mato Grosso do Sul
06/04/2020,1832,93.0,20.0,0.0,Mato Grosso do Sul
06/05/2020,1925,93.0,20.0,0.0,Mato Grosso do Sul
06/06/2020,1997,72.0,21.0,0.0,Mato Grosso do Sul
06/07/2020,2132,135.0,21.0,0.0,Mato Grosso do Sul
06/08/2020,2293,161.0,21.0,0.0,Mato Grosso do Sul
06/09/2020,2455,162.0,22.0,0.0,Mato Grosso do Sul
06/10/2020,2597,142.0,24.0,0.0,Mato Grosso do Sul
06/11/2020,2799,202.0,24.0,0.0,Mato Grosso do Sul
06/12/2020,3001,202.0,28.0,0.0,Mato Grosso do Sul
06/13/2020,3235,234.0,28.0,0.0,Mato Grosso do Sul
06/14/2020,3433,198.0,31.0,0.0,Mato Grosso do Sul
06/15/2020,3551,118.0,33.0,0.0,Mato Grosso do Sul
06/16/2020,3785,234.0,36.0,0.0,Mato Grosso do Sul
06/17/2020,4164,379.0,36.0,0.0,Mato Grosso do Sul
06/18/2020,4274,110.0,39.0,0.0,Mato Grosso do Sul
06/19/2020,4666,392.0,40.0,0.0,Mato Grosso do Sul
06/20/2020,4828,162.0,40.0,0.0,Mato Grosso do Sul
06/21/2020,4990,162.0,43.0,0.0,Mato Grosso do Sul
06/22/2020,5391,401.0,47.0,0.0,Mato Grosso do Sul
06/23/2020,5784,393.0,55.0,0.0,Mato Grosso do Sul
06/24/2020,6201,417.0,56.0,0.0,Mato Grosso do Sul
06/25/2020,6523,322.0,61.0,0.0,Mato Grosso do Sul
04/08/2020,559,322.0,11.0,0.0,Minas Gerais
04/15/2020,884,325.0,27.0,0.0,Minas Gerais
04/16/2020,958,74.0,33.0,0.0,Minas Gerais
04/17/2020,1021,63.0,35.0,0.0,Minas Gerais
04/18/2020,1077,56.0,39.0,0.0,Minas Gerais
04/19/2020,1154,77.0,39.0,0.0,Minas Gerais
04/20/2020,1189,35.0,41.0,0.0,Minas Gerais
04/21/2020,1230,41.0,44.0,0.0,Minas Gerais
04/22/2020,1283,53.0,47.0,0.0,Minas Gerais
04/23/2020,1308,25.0,51.0,0.0,Minas Gerais
04/24/2020,1419,111.0,54.0,0.0,Minas Gerais
04/26/2020,1548,129.0,61.0,0.0,Minas Gerais
04/27/2020,1586,38.0,62.0,0.0,Minas Gerais
04/28/2020,1649,63.0,71.0,0.0,Minas Gerais
04/29/2020,1758,109.0,80.0,0.0,Minas Gerais
04/30/2020,1827,69.0,82.0,0.0,Minas Gerais
05/01/2020,1935,108.0,88.0,0.0,Minas Gerais
05/02/2020,2023,88.0,88.0,0.0,Minas Gerais
05/03/2020,2118,95.0,89.0,0.0,Minas Gerais
05/04/2020,2347,229.0,90.0,0.0,Minas Gerais
05/05/2020,2452,105.0,94.0,0.0,Minas Gerais
05/06/2020,2605,153.0,97.0,0.0,Minas Gerais
05/07/2020,2770,165.0,106.0,0.0,Minas Gerais
05/08/2020,2943,173.0,111.0,0.0,Minas Gerais
05/09/2020,3123,180.0,118.0,0.0,Minas Gerais
05/10/2020,3237,114.0,119.0,0.0,Minas Gerais
05/11/2020,3320,83.0,121.0,0.0,Minas Gerais
05/12/2020,3435,115.0,127.0,0.0,Minas Gerais
05/13/2020,3733,298.0,135.0,0.0,Minas Gerais
05/14/2020,3964,231.0,135.0,0.0,Minas Gerais
05/15/2020,4196,232.0,146.0,0.0,Minas Gerais
05/16/2020,4474,278.0,150.0,0.0,Minas Gerais
05/17/2020,4611,137.0,156.0,0.0,Minas Gerais
05/18/2020,4695,84.0,161.0,0.0,Minas Gerais
05/19/2020,4977,282.0,167.0,0.0,Minas Gerais
05/20/2020,5286,309.0,177.0,0.0,Minas Gerais
05/21/2020,5596,310.0,191.0,0.0,Minas Gerais
05/22/2020,5995,399.0,201.0,0.0,Minas Gerais
05/23/2020,6338,343.0,217.0,0.0,Minas Gerais
05/24/2020,6668,330.0,226.0,0.0,Minas Gerais
05/25/2020,6962,294.0,230.0,0.0,Minas Gerais
05/26/2020,7516,554.0,234.0,0.0,Minas Gerais
05/27/2020,8011,495.0,240.0,0.0,Minas Gerais
05/28/2020,8686,675.0,255.0,0.0,Minas Gerais
05/29/2020,9232,546.0,257.0,0.0,Minas Gerais
05/30/2020,9630,398.0,263.0,0.0,Minas Gerais
05/31/2020,10464,834.0,271.0,0.0,Minas Gerais
06/01/2020,10670,206.0,278.0,0.0,Minas Gerais
06/02/2020,10939,269.0,289.0,0.0,Minas Gerais
06/03/2020,11637,698.0,289.0,0.0,Minas Gerais
06/04/2020,12335,698.0,289.0,0.0,Minas Gerais
06/05/2020,13034,699.0,323.0,0.0,Minas Gerais
06/06/2020,13995,961.0,344.0,0.0,Minas Gerais
06/07/2020,14939,944.0,368.0,0.0,Minas Gerais
06/08/2020,15520,581.0,368.0,0.0,Minas Gerais
06/09/2020,16102,582.0,399.0,0.0,Minas Gerais
06/10/2020,17501,1399.0,409.0,0.0,Minas Gerais
06/11/2020,18803,1302.0,409.0,0.0,Minas Gerais
06/12/2020,20106,1303.0,446.0,0.0,Minas Gerais
06/13/2020,20614,508.0,454.0,0.0,Minas Gerais
06/14/2020,21381,767.0,475.0,0.0,Minas Gerais
06/15/2020,21728,347.0,481.0,0.0,Minas Gerais
06/16/2020,22024,296.0,502.0,0.0,Minas Gerais
06/17/2020,23347,1323.0,537.0,0.0,Minas Gerais
06/18/2020,24906,1559.0,570.0,0.0,Minas Gerais
06/19/2020,26052,1146.0,600.0,0.0,Minas Gerais
06/20/2020,26678,626.0,600.0,0.0,Minas Gerais
06/21/2020,27305,627.0,636.0,0.0,Minas Gerais
06/22/2020,28918,1613.0,688.0,0.0,Minas Gerais
06/23/2020,29897,979.0,720.0,0.0,Minas Gerais
06/24/2020,31343,1446.0,771.0,0.0,Minas Gerais
06/25/2020,32769,1426.0,806.0,0.0,Minas Gerais
04/08/2020,138,1426.0,5.0,0.0,Pará
04/14/2020,270,132.0,15.0,0.0,Pará
04/15/2020,323,53.0,19.0,0.0,Pará
04/16/2020,438,115.0,24.0,0.0,Pará
04/17/2020,557,119.0,26.0,0.0,Pará
04/18/2020,640,83.0,33.0,0.0,Pará
04/20/2020,902,262.0,35.0,0.0,Pará
04/21/2020,1026,124.0,38.0,0.0,Pará
04/22/2020,1195,169.0,43.0,0.0,Pará
04/23/2020,1267,72.0,53.0,0.0,Pará
04/24/2020,1446,179.0,75.0,0.0,Pará
04/26/2020,1867,421.0,100.0,0.0,Pará
04/27/2020,2128,261.0,114.0,0.0,Pará
04/28/2020,2262,134.0,129.0,0.0,Pará
04/29/2020,2422,160.0,137.0,0.0,Pará
04/30/2020,2876,454.0,208.0,0.0,Pará
05/01/2020,3176,300.0,235.0,0.0,Pará
05/02/2020,3460,284.0,273.0,0.0,Pará
05/03/2020,3863,403.0,309.0,0.0,Pará
05/04/2020,4125,262.0,330.0,0.0,Pará
05/05/2020,4472,347.0,369.0,0.0,Pará
05/06/2020,5017,545.0,392.0,0.0,Pará
05/07/2020,5524,507.0,410.0,0.0,Pará
05/08/2020,6141,617.0,515.0,0.0,Pará
05/09/2020,6775,634.0,578.0,0.0,Pará
05/10/2020,7256,481.0,652.0,0.0,Pará
05/11/2020,7563,307.0,708.0,0.0,Pará
05/12/2020,8616,1053.0,864.0,0.0,Pará
05/13/2020,9618,1002.0,946.0,0.0,Pará
05/14/2020,10863,1245.0,946.0,0.0,Pará
05/15/2020,12109,1246.0,1145.0,0.0,Pará
05/16/2020,13184,1075.0,1199.0,0.0,Pará
05/17/2020,13864,680.0,1239.0,0.0,Pará
05/18/2020,14734,870.0,1329.0,0.0,Pará
05/19/2020,16295,1561.0,1519.0,0.0,Pará
05/20/2020,18135,1840.0,1633.0,0.0,Pará
05/21/2020,19756,1621.0,1852.0,0.0,Pará
05/22/2020,21469,1713.0,1937.0,0.0,Pará
05/23/2020,22697,1228.0,2001.0,0.0,Pará
05/24/2020,24125,1428.0,2148.0,0.0,Pará
05/25/2020,26077,1952.0,2372.0,0.0,Pará
05/26/2020,28600,2523.0,2469.0,0.0,Pará
05/27/2020,31033,2433.0,2545.0,0.0,Pará
05/28/2020,33699,2666.0,2704.0,0.0,Pará
05/29/2020,36486,2787.0,2827.0,0.0,Pará
05/30/2020,37296,810.0,2900.0,0.0,Pará
05/31/2020,37961,665.0,2923.0,0.0,Pará
06/01/2020,38046,85.0,2925.0,0.0,Pará
06/02/2020,41207,3161.0,3040.0,0.0,Pará
06/03/2020,43487,2280.0,3040.0,0.0,Pará
06/04/2020,45768,2281.0,3040.0,0.0,Pará
06/05/2020,48049,2281.0,3416.0,0.0,Pará
06/06/2020,50960,2911.0,3538.0,0.0,Pará
06/07/2020,53176,2216.0,3612.0,0.0,Pará
06/08/2020,56162,2986.0,3612.0,0.0,Pará
06/09/2020,59148,2986.0,3853.0,0.0,Pará
06/10/2020,62095,2947.0,3927.0,0.0,Pará
06/11/2020,64211,2116.0,3927.0,0.0,Pará
06/12/2020,66328,2117.0,4132.0,0.0,Pará
06/13/2020,68510,2182.0,4177.0,0.0,Pará
06/14/2020,69179,669.0,4191.0,0.0,Pará
06/15/2020,69224,45.0,4201.0,0.0,Pará
06/16/2020,71243,2019.0,4291.0,0.0,Pará
06/17/2020,74192,2949.0,4350.0,0.0,Pará
06/18/2020,76623,2431.0,4395.0,0.0,Pará
06/19/2020,80072,3449.0,4469.0,0.0,Pará
06/20/2020,81476,1404.0,4469.0,0.0,Pará
06/21/2020,82881,1405.0,4519.0,0.0,Pará
06/22/2020,86020,3139.0,4605.0,0.0,Pará
06/23/2020,88636,2616.0,4672.0,0.0,Pará
06/24/2020,91708,3072.0,4726.0,0.0,Pará
06/25/2020,94036,2328.0,4748.0,0.0,Pará
04/08/2020,36,2328.0,4.0,0.0,Paraiba
04/15/2020,136,100.0,16.0,0.0,Paraiba
04/16/2020,165,29.0,24.0,0.0,Paraiba
04/17/2020,195,30.0,26.0,0.0,Paraiba
04/18/2020,205,10.0,26.0,0.0,Paraiba
04/20/2020,245,40.0,32.0,0.0,Paraiba
04/21/2020,263,18.0,33.0,0.0,Paraiba
04/22/2020,301,38.0,39.0,0.0,Paraiba
04/23/2020,345,44.0,40.0,0.0,Paraiba
04/24/2020,386,41.0,44.0,0.0,Paraiba
04/26/2020,499,113.0,49.0,0.0,Paraiba
04/27/2020,543,44.0,50.0,0.0,Paraiba
04/28/2020,633,90.0,53.0,0.0,Paraiba
04/29/2020,699,66.0,58.0,0.0,Paraiba
04/30/2020,814,115.0,62.0,0.0,Paraiba
05/01/2020,926,112.0,67.0,0.0,Paraiba
05/02/2020,1034,108.0,74.0,0.0,Paraiba
05/03/2020,1169,135.0,76.0,0.0,Paraiba
05/04/2020,1219,50.0,79.0,0.0,Paraiba
05/05/2020,1361,142.0,85.0,0.0,Paraiba
05/06/2020,1493,132.0,92.0,0.0,Paraiba
05/07/2020,1657,164.0,101.0,0.0,Paraiba
05/08/2020,2031,374.0,114.0,0.0,Paraiba
05/09/2020,2156,125.0,124.0,0.0,Paraiba
05/10/2020,2341,185.0,135.0,0.0,Paraiba
05/11/2020,2525,184.0,139.0,0.0,Paraiba
05/12/2020,2777,252.0,154.0,0.0,Paraiba
05/13/2020,3045,268.0,157.0,0.0,Paraiba
05/14/2020,3392,347.0,157.0,0.0,Paraiba
05/15/2020,3739,347.0,170.0,0.0,Paraiba
05/16/2020,4063,324.0,183.0,0.0,Paraiba
05/17/2020,4347,284.0,194.0,0.0,Paraiba
05/18/2020,4786,439.0,207.0,0.0,Paraiba
05/19/2020,5300,514.0,219.0,0.0,Paraiba
05/20/2020,5838,538.0,230.0,0.0,Paraiba
05/21/2020,6238,400.0,245.0,0.0,Paraiba
05/22/2020,6882,644.0,248.0,0.0,Paraiba
05/23/2020,7508,626.0,258.0,0.0,Paraiba
05/24/2020,7823,315.0,272.0,0.0,Paraiba
05/25/2020,8016,193.0,279.0,0.0,Paraiba
05/26/2020,8919,903.0,286.0,0.0,Paraiba
05/27/2020,10209,1290.0,298.0,0.0,Paraiba
05/28/2020,11132,923.0,318.0,0.0,Paraiba
05/29/2020,12011,879.0,327.0,0.0,Paraiba
05/30/2020,12862,851.0,347.0,0.0,Paraiba
05/31/2020,13162,300.0,360.0,0.0,Paraiba
06/01/2020,13695,533.0,370.0,0.0,Paraiba
06/02/2020,14859,1164.0,379.0,0.0,Paraiba
06/03/2020,15765,906.0,379.0,0.0,Paraiba
06/04/2020,16672,907.0,379.0,0.0,Paraiba
06/05/2020,17579,907.0,438.0,0.0,Paraiba
06/06/2020,18579,1000.0,451.0,0.0,Paraiba
06/07/2020,19787,1208.0,467.0,0.0,Paraiba
06/08/2020,21119,1332.0,467.0,0.0,Paraiba
06/09/2020,22452,1333.0,534.0,0.0,Paraiba
06/10/2020,24032,1580.0,559.0,0.0,Paraiba
06/11/2020,25294,1262.0,559.0,0.0,Paraiba
06/12/2020,26556,1262.0,610.0,0.0,Paraiba
06/13/2020,27454,898.0,623.0,0.0,Paraiba
06/14/2020,28013,559.0,633.0,0.0,Paraiba
06/15/2020,28668,655.0,656.0,0.0,Paraiba
06/16/2020,30128,1460.0,671.0,0.0,Paraiba
06/17/2020,31712,1584.0,696.0,0.0,Paraiba
06/18/2020,31760,48.0,709.0,0.0,Paraiba
06/19/2020,35093,3333.0,724.0,0.0,Paraiba
06/20/2020,35807,714.0,724.0,0.0,Paraiba
06/21/2020,36521,714.0,743.0,0.0,Paraiba
06/22/2020,37253,732.0,784.0,0.0,Paraiba
06/23/2020,38999,1746.0,807.0,0.0,Paraiba
06/24/2020,39912,913.0,828.0,0.0,Paraiba
06/25/2020,40824,912.0,842.0,0.0,Paraiba
04/08/2020,503,912.0,15.0,0.0,Paraná
04/15/2020,791,288.0,36.0,0.0,Paraná
04/16/2020,832,41.0,41.0,0.0,Paraná
04/17/2020,874,42.0,42.0,0.0,Paraná
04/18/2020,945,71.0,46.0,0.0,Paraná
04/19/2020,987,42.0,48.0,0.0,Paraná
04/20/2020,1007,20.0,51.0,0.0,Paraná
04/21/2020,1024,17.0,51.0,0.0,Paraná
04/22/2020,1063,39.0,57.0,0.0,Paraná
04/23/2020,1082,19.0,60.0,0.0,Paraná
04/24/2020,1119,37.0,64.0,0.0,Paraná
04/26/2020,1156,37.0,72.0,0.0,Paraná
04/27/2020,1186,30.0,75.0,0.0,Paraná
04/28/2020,1271,85.0,77.0,0.0,Paraná
04/29/2020,1348,77.0,82.0,0.0,Paraná
04/30/2020,1407,59.0,83.0,0.0,Paraná
05/01/2020,1447,40.0,89.0,0.0,Paraná
05/02/2020,1492,45.0,90.0,0.0,Paraná
05/03/2020,1514,22.0,93.0,0.0,Paraná
05/04/2020,1562,48.0,94.0,0.0,Paraná
05/05/2020,1588,26.0,99.0,0.0,Paraná
05/06/2020,1627,39.0,101.0,0.0,Paraná
05/07/2020,1656,29.0,104.0,0.0,Paraná
05/08/2020,1711,55.0,106.0,0.0,Paraná
05/09/2020,1785,74.0,107.0,0.0,Paraná
05/10/2020,1835,50.0,109.0,0.0,Paraná
05/11/2020,1849,14.0,111.0,0.0,Paraná
05/12/2020,1906,57.0,113.0,0.0,Paraná
05/13/2020,1996,90.0,117.0,0.0,Paraná
05/14/2020,2067,71.0,117.0,0.0,Paraná
05/15/2020,2139,72.0,120.0,0.0,Paraná
05/16/2020,2242,103.0,123.0,0.0,Paraná
05/17/2020,2286,44.0,124.0,0.0,Paraná
05/18/2020,2360,74.0,127.0,0.0,Paraná
05/19/2020,2481,121.0,129.0,0.0,Paraná
05/20/2020,2616,135.0,137.0,0.0,Paraná
05/21/2020,2810,194.0,141.0,0.0,Paraná
05/22/2020,2939,129.0,146.0,0.0,Paraná
05/23/2020,3099,160.0,150.0,0.0,Paraná
05/24/2020,3212,113.0,153.0,0.0,Paraná
05/25/2020,3331,119.0,156.0,0.0,Paraná
05/26/2020,3512,181.0,159.0,0.0,Paraná
05/27/2020,3712,200.0,162.0,0.0,Paraná
05/28/2020,3984,272.0,169.0,0.0,Paraná
05/29/2020,4236,252.0,173.0,0.0,Paraná
05/30/2020,4473,237.0,181.0,0.0,Paraná
05/31/2020,4687,214.0,182.0,0.0,Paraná
06/01/2020,4835,148.0,190.0,0.0,Paraná
06/02/2020,5163,328.0,199.0,0.0,Paraná
06/03/2020,5382,219.0,199.0,0.0,Paraná
06/04/2020,5601,219.0,199.0,0.0,Paraná
06/05/2020,5820,219.0,215.0,0.0,Paraná
06/06/2020,6348,528.0,227.0,0.0,Paraná
06/07/2020,6605,257.0,232.0,0.0,Paraná
06/08/2020,6959,354.0,232.0,0.0,Paraná
06/09/2020,7314,355.0,253.0,0.0,Paraná
06/10/2020,7831,517.0,275.0,0.0,Paraná
06/11/2020,8268,437.0,275.0,0.0,Paraná
06/12/2020,8705,437.0,294.0,0.0,Paraná
06/13/2020,9233,528.0,312.0,0.0,Paraná
06/14/2020,9583,350.0,326.0,0.0,Paraná
06/15/2020,9716,133.0,334.0,0.0,Paraná
06/16/2020,10557,841.0,364.0,0.0,Paraná
06/17/2020,11085,528.0,386.0,0.0,Paraná
06/18/2020,11919,834.0,406.0,0.0,Paraná
06/19/2020,12785,866.0,419.0,0.0,Paraná
06/20/2020,13223,438.0,419.0,0.0,Paraná
06/21/2020,13662,439.0,428.0,0.0,Paraná
06/22/2020,15124,1462.0,469.0,0.0,Paraná
06/23/2020,15853,729.0,498.0,0.0,Paraná
06/24/2020,16963,1110.0,521.0,0.0,Paraná
06/25/2020,17821,858.0,539.0,0.0,Paraná
04/08/2020,352,858.0,34.0,0.0,Pernambuco
04/15/2020,1284,932.0,115.0,0.0,Pernambuco
04/16/2020,1683,399.0,160.0,0.0,Pernambuco
04/17/2020,2006,323.0,186.0,0.0,Pernambuco
04/18/2020,2193,187.0,205.0,0.0,Pernambuco
04/19/2020,2459,266.0,216.0,0.0,Pernambuco
04/20/2020,2690,231.0,234.0,0.0,Pernambuco
04/21/2020,2908,218.0,260.0,0.0,Pernambuco
04/22/2020,3298,390.0,282.0,0.0,Pernambuco
04/23/2020,3519,221.0,312.0,0.0,Pernambuco
04/24/2020,3999,480.0,352.0,0.0,Pernambuco
04/26/2020,4898,899.0,415.0,0.0,Pernambuco
04/27/2020,5358,460.0,450.0,0.0,Pernambuco
04/28/2020,5724,366.0,508.0,0.0,Pernambuco
04/29/2020,6194,470.0,538.0,0.0,Pernambuco
04/30/2020,6876,682.0,565.0,0.0,Pernambuco
05/01/2020,7334,458.0,603.0,0.0,Pernambuco
05/02/2020,8145,811.0,628.0,0.0,Pernambuco
05/03/2020,8643,498.0,652.0,0.0,Pernambuco
05/04/2020,8863,220.0,691.0,0.0,Pernambuco
05/05/2020,9325,462.0,749.0,0.0,Pernambuco
05/06/2020,9881,556.0,803.0,0.0,Pernambuco
05/07/2020,10824,943.0,845.0,0.0,Pernambuco
05/08/2020,11587,763.0,927.0,0.0,Pernambuco
05/09/2020,12470,883.0,972.0,0.0,Pernambuco
05/10/2020,13275,805.0,1047.0,0.0,Pernambuco
05/11/2020,13768,493.0,1087.0,0.0,Pernambuco
05/12/2020,14309,541.0,1157.0,0.0,Pernambuco
05/13/2020,14901,592.0,1224.0,0.0,Pernambuco
05/14/2020,15555,654.0,1224.0,0.0,Pernambuco
05/15/2020,16209,654.0,1381.0,0.0,Pernambuco
05/16/2020,18488,2279.0,1461.0,0.0,Pernambuco
05/17/2020,19452,964.0,1516.0,0.0,Pernambuco
05/18/2020,20094,642.0,1640.0,0.0,Pernambuco
05/19/2020,21242,1148.0,1741.0,0.0,Pernambuco
05/20/2020,22560,1318.0,1834.0,0.0,Pernambuco
05/21/2020,23911,1351.0,1925.0,0.0,Pernambuco
05/22/2020,25760,1849.0,2057.0,0.0,Pernambuco
05/23/2020,26786,1026.0,2144.0,0.0,Pernambuco
05/24/2020,27759,973.0,2200.0,0.0,Pernambuco
05/25/2020,28366,607.0,2248.0,0.0,Pernambuco
05/26/2020,28854,488.0,2328.0,0.0,Pernambuco
05/27/2020,29919,1065.0,2468.0,0.0,Pernambuco
05/28/2020,30713,794.0,2566.0,0.0,Pernambuco
05/29/2020,32255,1542.0,2669.0,0.0,Pernambuco
05/30/2020,33427,1172.0,2740.0,0.0,Pernambuco
05/31/2020,34450,1023.0,2807.0,0.0,Pernambuco
06/01/2020,34900,450.0,2875.0,0.0,Pernambuco
06/02/2020,35508,608.0,2933.0,0.0,Pernambuco
06/03/2020,36174,666.0,2933.0,0.0,Pernambuco
06/04/2020,36840,666.0,2933.0,0.0,Pernambuco
06/05/2020,37507,667.0,3134.0,0.0,Pernambuco
06/06/2020,38511,1004.0,3205.0,0.0,Pernambuco
06/07/2020,39361,850.0,3270.0,0.0,Pernambuco
06/08/2020,40185,824.0,3270.0,0.0,Pernambuco
06/09/2020,41010,825.0,3453.0,0.0,Pernambuco
06/10/2020,41935,925.0,3531.0,0.0,Pernambuco
06/11/2020,42903,968.0,3531.0,0.0,Pernambuco
06/12/2020,43872,969.0,3694.0,0.0,Pernambuco
06/13/2020,44671,799.0,3784.0,0.0,Pernambuco
06/14/2020,45261,590.0,3855.0,0.0,Pernambuco
06/15/2020,45507,246.0,3886.0,0.0,Pernambuco
06/16/2020,46427,920.0,3959.0,0.0,Pernambuco
06/17/2020,47446,1019.0,4009.0,0.0,Pernambuco
06/18/2020,48626,1180.0,4057.0,0.0,Pernambuco
06/19/2020,49720,1094.0,4102.0,0.0,Pernambuco
06/20/2020,50419,699.0,4102.0,0.0,Pernambuco
06/21/2020,51118,699.0,4148.0,0.0,Pernambuco
06/22/2020,52494,1376.0,4252.0,0.0,Pernambuco
06/23/2020,52831,337.0,4339.0,0.0,Pernambuco
06/24/2020,54022,1191.0,4425.0,0.0,Pernambuco
06/25/2020,55136,1114.0,4488.0,0.0,Pernambuco
04/08/2020,28,1114.0,4.0,0.0,Piauí
04/15/2020,58,30.0,8.0,0.0,Piauí
04/16/2020,91,33.0,8.0,0.0,Piauí
04/17/2020,102,11.0,8.0,0.0,Piauí
04/18/2020,123,21.0,9.0,0.0,Piauí
04/19/2020,145,22.0,10.0,0.0,Piauí
04/20/2020,158,13.0,12.0,0.0,Piauí
04/21/2020,186,28.0,14.0,0.0,Piauí
04/22/2020,206,20.0,15.0,0.0,Piauí
04/23/2020,217,11.0,15.0,0.0,Piauí
04/24/2020,256,39.0,16.0,0.0,Piauí
04/26/2020,331,75.0,18.0,0.0,Piauí
04/27/2020,364,33.0,20.0,0.0,Piauí
04/28/2020,408,44.0,21.0,0.0,Piauí
04/29/2020,454,46.0,24.0,0.0,Piauí
04/30/2020,513,59.0,24.0,0.0,Piauí
05/01/2020,600,87.0,24.0,0.0,Piauí
05/02/2020,665,65.0,26.0,0.0,Piauí
05/03/2020,742,77.0,28.0,0.0,Piauí
05/04/2020,784,42.0,28.0,0.0,Piauí
05/05/2020,875,91.0,29.0,0.0,Piauí
05/06/2020,949,74.0,30.0,0.0,Piauí
05/07/2020,1051,102.0,35.0,0.0,Piauí
05/08/2020,1131,80.0,37.0,0.0,Piauí
05/09/2020,1233,102.0,38.0,0.0,Piauí
05/10/2020,1278,45.0,42.0,0.0,Piauí
05/11/2020,1332,54.0,45.0,0.0,Piauí
05/12/2020,1443,111.0,49.0,0.0,Piauí
05/13/2020,1612,169.0,57.0,0.0,Piauí
05/14/2020,1758,146.0,57.0,0.0,Piauí
05/15/2020,1905,147.0,60.0,0.0,Piauí
05/16/2020,2085,180.0,65.0,0.0,Piauí
05/17/2020,2252,167.0,72.0,0.0,Piauí
05/18/2020,2287,35.0,80.0,0.0,Piauí
05/19/2020,2440,153.0,85.0,0.0,Piauí
05/20/2020,2637,197.0,87.0,0.0,Piauí
05/21/2020,2852,215.0,91.0,0.0,Piauí
05/22/2020,3074,222.0,93.0,0.0,Piauí
05/23/2020,3258,184.0,99.0,0.0,Piauí
05/24/2020,3390,132.0,107.0,0.0,Piauí
05/25/2020,3550,160.0,110.0,0.0,Piauí
05/26/2020,3720,170.0,119.0,0.0,Piauí
05/27/2020,3966,246.0,134.0,0.0,Piauí
05/28/2020,4243,277.0,138.0,0.0,Piauí
05/29/2020,4503,260.0,146.0,0.0,Piauí
05/30/2020,4745,242.0,157.0,0.0,Piauí
05/31/2020,4931,186.0,161.0,0.0,Piauí
06/01/2020,5119,188.0,168.0,0.0,Piauí
06/02/2020,5506,387.0,180.0,0.0,Piauí
06/03/2020,5692,186.0,180.0,0.0,Piauí
06/04/2020,5878,186.0,180.0,0.0,Piauí
06/05/2020,6064,186.0,202.0,0.0,Piauí
06/06/2020,6717,653.0,217.0,0.0,Piauí
06/07/2020,7105,388.0,224.0,0.0,Piauí
06/08/2020,7516,411.0,224.0,0.0,Piauí
06/09/2020,7927,411.0,265.0,0.0,Piauí
06/10/2020,8359,432.0,283.0,0.0,Piauí
06/11/2020,8848,489.0,283.0,0.0,Piauí
06/12/2020,9337,489.0,317.0,0.0,Piauí
06/13/2020,9825,488.0,335.0,0.0,Piauí
06/14/2020,10153,328.0,360.0,0.0,Piauí
06/15/2020,10357,204.0,374.0,0.0,Piauí
06/16/2020,10881,524.0,393.0,0.0,Piauí
06/17/2020,11559,678.0,398.0,0.0,Piauí
06/18/2020,12099,540.0,421.0,0.0,Piauí
06/19/2020,12567,468.0,435.0,0.0,Piauí
06/20/2020,13190,623.0,435.0,0.0,Piauí
06/21/2020,13813,623.0,459.0,0.0,Piauí
06/22/2020,14476,663.0,502.0,0.0,Piauí
06/23/2020,15269,793.0,517.0,0.0,Piauí
06/24/2020,16227,958.0,534.0,0.0,Piauí
06/25/2020,17080,853.0,546.0,0.0,Piauí
04/08/2020,1688,853.0,89.0,0.0,Rio de Janeiro
04/15/2020,3410,1722.0,224.0,0.0,Rio de Janeiro
04/16/2020,3944,534.0,300.0,0.0,Rio de Janeiro
04/17/2020,4349,405.0,341.0,0.0,Rio de Janeiro
04/18/2020,4543,194.0,387.0,0.0,Rio de Janeiro
04/19/2020,4765,222.0,402.0,0.0,Rio de Janeiro
04/20/2020,4899,134.0,422.0,0.0,Rio de Janeiro
04/21/2020,5306,407.0,461.0,0.0,Rio de Janeiro
04/22/2020,5552,246.0,490.0,0.0,Rio de Janeiro
04/23/2020,6172,620.0,530.0,0.0,Rio de Janeiro
04/24/2020,6282,110.0,570.0,0.0,Rio de Janeiro
04/26/2020,7111,829.0,645.0,0.0,Rio de Janeiro
04/27/2020,7944,833.0,677.0,0.0,Rio de Janeiro
04/28/2020,8504,560.0,738.0,0.0,Rio de Janeiro
04/29/2020,8869,365.0,794.0,0.0,Rio de Janeiro
04/30/2020,9453,584.0,854.0,0.0,Rio de Janeiro
05/01/2020,10166,713.0,921.0,0.0,Rio de Janeiro
05/02/2020,10546,380.0,971.0,0.0,Rio de Janeiro
05/03/2020,11139,593.0,1019.0,0.0,Rio de Janeiro
05/04/2020,11721,582.0,1065.0,0.0,Rio de Janeiro
05/05/2020,12391,670.0,1123.0,0.0,Rio de Janeiro
05/06/2020,13295,904.0,1205.0,0.0,Rio de Janeiro
05/07/2020,14156,861.0,1394.0,0.0,Rio de Janeiro
05/08/2020,15741,1585.0,1503.0,0.0,Rio de Janeiro
05/09/2020,16929,1188.0,1653.0,0.0,Rio de Janeiro
05/10/2020,17062,133.0,1714.0,0.0,Rio de Janeiro
05/11/2020,17939,877.0,1770.0,0.0,Rio de Janeiro
05/12/2020,18486,547.0,1928.0,0.0,Rio de Janeiro
05/13/2020,18728,242.0,2050.0,0.0,Rio de Janeiro
05/14/2020,19357,629.0,2050.0,0.0,Rio de Janeiro
05/15/2020,19987,630.0,2438.0,0.0,Rio de Janeiro
05/16/2020,21601,1614.0,2614.0,0.0,Rio de Janeiro
05/17/2020,22238,637.0,2715.0,0.0,Rio de Janeiro
05/18/2020,26665,4427.0,2852.0,0.0,Rio de Janeiro
05/19/2020,27805,1140.0,3079.0,0.0,Rio de Janeiro
05/20/2020,30372,2567.0,3237.0,0.0,Rio de Janeiro
05/21/2020,32089,1717.0,3412.0,0.0,Rio de Janeiro
05/22/2020,33589,1500.0,3657.0,0.0,Rio de Janeiro
05/23/2020,34533,944.0,3905.0,0.0,Rio de Janeiro
05/24/2020,37912,3379.0,3993.0,0.0,Rio de Janeiro
05/25/2020,39298,1386.0,4105.0,0.0,Rio de Janeiro
05/26/2020,40024,726.0,4361.0,0.0,Rio de Janeiro
05/27/2020,42398,2374.0,4605.0,0.0,Rio de Janeiro
05/28/2020,44886,2488.0,4856.0,0.0,Rio de Janeiro
05/29/2020,47953,3067.0,5079.0,0.0,Rio de Janeiro
05/30/2020,52420,4467.0,5277.0,0.0,Rio de Janeiro
05/31/2020,53388,968.0,5344.0,0.0,Rio de Janeiro
06/01/2020,54530,1142.0,5462.0,0.0,Rio de Janeiro
06/02/2020,56732,2202.0,5686.0,0.0,Rio de Janeiro
06/03/2020,58132,1400.0,5686.0,0.0,Rio de Janeiro
06/04/2020,59532,1400.0,5686.0,0.0,Rio de Janeiro
06/05/2020,60932,1400.0,6327.0,0.0,Rio de Janeiro
06/06/2020,63066,2134.0,6473.0,0.0,Rio de Janeiro
06/07/2020,64533,1467.0,6639.0,0.0,Rio de Janeiro
06/08/2020,68756,4223.0,6639.0,0.0,Rio de Janeiro
06/09/2020,72979,4223.0,6928.0,0.0,Rio de Janeiro
06/10/2020,74373,1394.0,7138.0,0.0,Rio de Janeiro
06/11/2020,76078,1705.0,7138.0,0.0,Rio de Janeiro
06/12/2020,77784,1706.0,7417.0,0.0,Rio de Janeiro
06/13/2020,78836,1052.0,7592.0,0.0,Rio de Janeiro
06/14/2020,79572,736.0,7672.0,0.0,Rio de Janeiro
06/15/2020,80946,1374.0,7728.0,0.0,Rio de Janeiro
06/16/2020,83343,2397.0,7967.0,0.0,Rio de Janeiro
06/17/2020,86963,3620.0,8138.0,0.0,Rio de Janeiro
06/18/2020,87317,354.0,8412.0,0.0,Rio de Janeiro
06/19/2020,93378,6061.0,8595.0,0.0,Rio de Janeiro
06/20/2020,94457,1079.0,8595.0,0.0,Rio de Janeiro
06/21/2020,95537,1080.0,8824.0,0.0,Rio de Janeiro
06/22/2020,97572,2035.0,8933.0,0.0,Rio de Janeiro
06/23/2020,100869,3297.0,9153.0,0.0,Rio de Janeiro
06/24/2020,103493,2624.0,9295.0,0.0,Rio de Janeiro
06/25/2020,105897,2404.0,9450.0,0.0,Rio de Janeiro
04/08/2020,254,2404.0,8.0,0.0,Rio Grande do Norte
04/15/2020,376,122.0,18.0,0.0,Rio Grande do Norte
04/16/2020,400,24.0,20.0,0.0,Rio Grande do Norte
04/17/2020,463,63.0,23.0,0.0,Rio Grande do Norte
04/18/2020,516,53.0,24.0,0.0,Rio Grande do Norte
04/19/2020,531,15.0,25.0,0.0,Rio Grande do Norte
04/20/2020,595,64.0,27.0,0.0,Rio Grande do Norte
04/21/2020,608,13.0,28.0,0.0,Rio Grande do Norte
04/22/2020,646,38.0,29.0,0.0,Rio Grande do Norte
04/23/2020,708,62.0,34.0,0.0,Rio Grande do Norte
04/24/2020,754,46.0,38.0,0.0,Rio Grande do Norte
04/26/2020,825,71.0,44.0,0.0,Rio Grande do Norte
04/27/2020,832,7.0,45.0,0.0,Rio Grande do Norte
04/28/2020,857,25.0,48.0,0.0,Rio Grande do Norte
04/29/2020,1086,229.0,53.0,0.0,Rio Grande do Norte
04/30/2020,1177,91.0,56.0,0.0,Rio Grande do Norte
05/01/2020,1297,120.0,56.0,0.0,Rio Grande do Norte
05/02/2020,1366,69.0,59.0,0.0,Rio Grande do Norte
05/03/2020,1392,26.0,61.0,0.0,Rio Grande do Norte
05/04/2020,1421,29.0,62.0,0.0,Rio Grande do Norte
05/05/2020,1536,115.0,68.0,0.0,Rio Grande do Norte
05/06/2020,1574,38.0,72.0,0.0,Rio Grande do Norte
05/07/2020,1739,165.0,76.0,0.0,Rio Grande do Norte
05/08/2020,1821,82.0,81.0,0.0,Rio Grande do Norte
05/09/2020,1919,98.0,87.0,0.0,Rio Grande do Norte
05/10/2020,1928,9.0,88.0,0.0,Rio Grande do Norte
05/11/2020,1989,61.0,92.0,0.0,Rio Grande do Norte
05/12/2020,2033,44.0,93.0,0.0,Rio Grande do Norte
05/13/2020,2367,334.0,105.0,0.0,Rio Grande do Norte
05/14/2020,2576,209.0,105.0,0.0,Rio Grande do Norte
05/15/2020,2786,210.0,122.0,0.0,Rio Grande do Norte
05/16/2020,3004,218.0,136.0,0.0,Rio Grande do Norte
05/17/2020,3137,133.0,139.0,0.0,Rio Grande do Norte
05/18/2020,3184,47.0,146.0,0.0,Rio Grande do Norte
05/19/2020,3483,299.0,160.0,0.0,Rio Grande do Norte
05/20/2020,3796,313.0,170.0,0.0,Rio Grande do Norte
05/21/2020,4060,264.0,178.0,0.0,Rio Grande do Norte
05/22/2020,4251,191.0,181.0,0.0,Rio Grande do Norte
05/23/2020,4599,348.0,184.0,0.0,Rio Grande do Norte
05/24/2020,4697,98.0,200.0,0.0,Rio Grande do Norte
05/25/2020,4759,62.0,209.0,0.0,Rio Grande do Norte
05/26/2020,5472,713.0,220.0,0.0,Rio Grande do Norte
05/27/2020,5630,158.0,242.0,0.0,Rio Grande do Norte
05/28/2020,6046,416.0,254.0,0.0,Rio Grande do Norte
05/29/2020,6463,417.0,268.0,0.0,Rio Grande do Norte
05/30/2020,7402,939.0,305.0,0.0,Rio Grande do Norte
05/31/2020,8051,649.0,305.0,0.0,Rio Grande do Norte
06/01/2020,8142,91.0,323.0,0.0,Rio Grande do Norte
06/02/2020,8233,91.0,341.0,0.0,Rio Grande do Norte
06/03/2020,8582,349.0,341.0,0.0,Rio Grande do Norte
06/04/2020,8932,350.0,341.0,0.0,Rio Grande do Norte
06/05/2020,9282,350.0,378.0,0.0,Rio Grande do Norte
06/06/2020,9440,158.0,387.0,0.0,Rio Grande do Norte
06/07/2020,9449,9.0,410.0,0.0,Rio Grande do Norte
06/08/2020,10238,789.0,410.0,0.0,Rio Grande do Norte
06/09/2020,11027,789.0,459.0,0.0,Rio Grande do Norte
06/10/2020,11568,541.0,487.0,0.0,Rio Grande do Norte
06/11/2020,12534,966.0,487.0,0.0,Rio Grande do Norte
06/12/2020,13501,967.0,514.0,0.0,Rio Grande do Norte
06/13/2020,13789,288.0,533.0,0.0,Rio Grande do Norte
06/14/2020,14171,382.0,534.0,0.0,Rio Grande do Norte
06/15/2020,14214,43.0,553.0,0.0,Rio Grande do Norte
06/16/2020,15212,998.0,585.0,0.0,Rio Grande do Norte
06/17/2020,15550,338.0,585.0,0.0,Rio Grande do Norte
06/18/2020,15889,339.0,655.0,0.0,Rio Grande do Norte
06/19/2020,16039,150.0,693.0,0.0,Rio Grande do Norte
06/20/2020,17622,1583.0,693.0,0.0,Rio Grande do Norte
06/21/2020,19206,1584.0,697.0,0.0,Rio Grande do Norte
06/22/2020,19957,751.0,730.0,0.0,Rio Grande do Norte
06/23/2020,20075,118.0,750.0,0.0,Rio Grande do Norte
06/24/2020,21774,1699.0,807.0,0.0,Rio Grande do Norte
06/25/2020,22665,891.0,858.0,0.0,Rio Grande do Norte
04/08/2020,508,891.0,8.0,0.0,Rio Grande do Sul
04/15/2020,700,192.0,18.0,0.0,Rio Grande do Sul
04/16/2020,780,80.0,19.0,0.0,Rio Grande do Sul
04/17/2020,802,22.0,22.0,0.0,Rio Grande do Sul
04/18/2020,831,29.0,24.0,0.0,Rio Grande do Sul
04/19/2020,854,23.0,24.0,0.0,Rio Grande do Sul
04/20/2020,889,35.0,27.0,0.0,Rio Grande do Sul
04/21/2020,904,15.0,27.0,0.0,Rio Grande do Sul
04/22/2020,923,19.0,27.0,0.0,Rio Grande do Sul
04/23/2020,994,71.0,29.0,0.0,Rio Grande do Sul
04/24/2020,1061,67.0,31.0,0.0,Rio Grande do Sul
04/26/2020,1166,105.0,35.0,0.0,Rio Grande do Sul
04/27/2020,1228,62.0,42.0,0.0,Rio Grande do Sul
04/28/2020,1286,58.0,45.0,0.0,Rio Grande do Sul
04/29/2020,1368,82.0,50.0,0.0,Rio Grande do Sul
04/30/2020,1466,98.0,51.0,0.0,Rio Grande do Sul
05/01/2020,1529,63.0,58.0,0.0,Rio Grande do Sul
05/02/2020,1619,90.0,62.0,0.0,Rio Grande do Sul
05/03/2020,1666,47.0,65.0,0.0,Rio Grande do Sul
05/04/2020,1711,45.0,74.0,0.0,Rio Grande do Sul
05/05/2020,1815,104.0,79.0,0.0,Rio Grande do Sul
05/06/2020,2050,235.0,87.0,0.0,Rio Grande do Sul
05/07/2020,2129,79.0,90.0,0.0,Rio Grande do Sul
05/08/2020,2447,318.0,91.0,0.0,Rio Grande do Sul
05/09/2020,2493,46.0,95.0,0.0,Rio Grande do Sul
05/10/2020,2542,49.0,97.0,0.0,Rio Grande do Sul
05/11/2020,2576,34.0,105.0,0.0,Rio Grande do Sul
05/12/2020,2917,341.0,111.0,0.0,Rio Grande do Sul
05/13/2020,3143,226.0,111.0,0.0,Rio Grande do Sul
05/14/2020,3370,227.0,111.0,0.0,Rio Grande do Sul
05/15/2020,3597,227.0,126.0,0.0,Rio Grande do Sul
05/16/2020,3695,98.0,132.0,0.0,Rio Grande do Sul
05/17/2020,3735,40.0,142.0,0.0,Rio Grande do Sul
05/18/2020,3742,7.0,144.0,0.0,Rio Grande do Sul
05/19/2020,3750,8.0,151.0,0.0,Rio Grande do Sul
05/20/2020,4973,1223.0,161.0,0.0,Rio Grande do Sul
05/21/2020,5473,500.0,166.0,0.0,Rio Grande do Sul
05/22/2020,5918,445.0,172.0,0.0,Rio Grande do Sul
05/23/2020,6336,418.0,176.0,0.0,Rio Grande do Sul
05/24/2020,6470,134.0,180.0,0.0,Rio Grande do Sul
05/25/2020,6559,89.0,197.0,0.0,Rio Grande do Sul
05/26/2020,6785,226.0,203.0,0.0,Rio Grande do Sul
05/27/2020,7048,263.0,209.0,0.0,Rio Grande do Sul
05/28/2020,8234,1186.0,213.0,0.0,Rio Grande do Sul
05/29/2020,8738,504.0,213.0,0.0,Rio Grande do Sul
05/30/2020,9242,504.0,218.0,0.0,Rio Grande do Sul
05/31/2020,9332,90.0,224.0,0.0,Rio Grande do Sul
06/01/2020,9625,293.0,232.0,0.0,Rio Grande do Sul
06/02/2020,9919,294.0,245.0,0.0,Rio Grande do Sul
06/03/2020,10282,363.0,245.0,0.0,Rio Grande do Sul
06/04/2020,10646,364.0,245.0,0.0,Rio Grande do Sul
06/05/2020,11010,364.0,265.0,0.0,Rio Grande do Sul
06/06/2020,11583,573.0,276.0,0.0,Rio Grande do Sul
06/07/2020,12037,454.0,283.0,0.0,Rio Grande do Sul
06/08/2020,12419,382.0,283.0,0.0,Rio Grande do Sul
06/09/2020,12802,383.0,301.0,0.0,Rio Grande do Sul
06/10/2020,13619,817.0,316.0,0.0,Rio Grande do Sul
06/11/2020,14001,382.0,316.0,0.0,Rio Grande do Sul
06/12/2020,14384,383.0,337.0,0.0,Rio Grande do Sul
06/13/2020,14627,243.0,344.0,0.0,Rio Grande do Sul
06/14/2020,14661,34.0,350.0,0.0,Rio Grande do Sul
06/15/2020,15438,777.0,360.0,0.0,Rio Grande do Sul
06/16/2020,16471,1033.0,374.0,0.0,Rio Grande do Sul
06/17/2020,17128,657.0,387.0,0.0,Rio Grande do Sul
06/18/2020,17822,694.0,406.0,0.0,Rio Grande do Sul
06/19/2020,18587,765.0,423.0,0.0,Rio Grande do Sul
06/20/2020,18862,275.0,423.0,0.0,Rio Grande do Sul
06/21/2020,19138,276.0,430.0,0.0,Rio Grande do Sul
06/22/2020,19710,572.0,458.0,0.0,Rio Grande do Sul
06/23/2020,20864,1154.0,477.0,0.0,Rio Grande do Sul
06/24/2020,22009,1145.0,500.0,0.0,Rio Grande do Sul
06/25/2020,23060,1051.0,500.0,0.0,Rio Grande do Sul
04/08/2020,18,1051.0,1.0,0.0,Rondônia
04/14/2020,42,24.0,2.0,0.0,Rondônia
04/15/2020,64,22.0,2.0,0.0,Rondônia
04/16/2020,76,12.0,3.0,0.0,Rondônia
04/17/2020,92,16.0,3.0,0.0,Rondônia
04/18/2020,110,18.0,3.0,0.0,Rondônia
04/19/2020,128,18.0,4.0,0.0,Rondônia
04/20/2020,160,32.0,4.0,0.0,Rondônia
04/21/2020,199,39.0,4.0,0.0,Rondônia
04/22/2020,223,24.0,5.0,0.0,Rondônia
04/23/2020,250,27.0,5.0,0.0,Rondônia
04/24/2020,290,40.0,5.0,0.0,Rondônia
04/26/2020,364,74.0,10.0,0.0,Rondônia
04/27/2020,393,29.0,10.0,0.0,Rondônia
04/28/2020,413,20.0,11.0,0.0,Rondônia
04/29/2020,433,20.0,15.0,0.0,Rondônia
04/30/2020,502,69.0,16.0,0.0,Rondônia
05/01/2020,585,83.0,18.0,0.0,Rondônia
05/02/2020,653,68.0,23.0,0.0,Rondônia
05/03/2020,705,52.0,24.0,0.0,Rondônia
05/04/2020,756,51.0,25.0,0.0,Rondônia
05/05/2020,861,105.0,29.0,0.0,Rondônia
05/06/2020,943,82.0,33.0,0.0,Rondônia
05/07/2020,1098,155.0,37.0,0.0,Rondônia
05/08/2020,1222,124.0,39.0,0.0,Rondônia
05/09/2020,1263,41.0,41.0,0.0,Rondônia
05/10/2020,1302,39.0,43.0,0.0,Rondônia
05/11/2020,1396,94.0,47.0,0.0,Rondônia
05/12/2020,1460,64.0,50.0,0.0,Rondônia
05/13/2020,1612,152.0,50.0,0.0,Rondônia
05/14/2020,1700,88.0,50.0,0.0,Rondônia
05/15/2020,1789,89.0,62.0,0.0,Rondônia
05/16/2020,1919,130.0,69.0,0.0,Rondônia
05/17/2020,1963,44.0,74.0,0.0,Rondônia
05/18/2020,2043,80.0,77.0,0.0,Rondônia
05/19/2020,2257,214.0,87.0,0.0,Rondônia
05/20/2020,2499,242.0,90.0,0.0,Rondônia
05/21/2020,2659,160.0,101.0,0.0,Rondônia
05/22/2020,2774,115.0,106.0,0.0,Rondônia
05/23/2020,3109,335.0,115.0,0.0,Rondônia
05/24/2020,3201,92.0,121.0,0.0,Rondônia
05/25/2020,3268,67.0,121.0,0.0,Rondônia
05/26/2020,3493,225.0,133.0,0.0,Rondônia
05/27/2020,3862,369.0,137.0,0.0,Rondônia
05/28/2020,4252,390.0,142.0,0.0,Rondônia
05/29/2020,4502,250.0,145.0,0.0,Rondônia
05/30/2020,4743,241.0,151.0,0.0,Rondônia
05/31/2020,4942,199.0,156.0,0.0,Rondônia
06/01/2020,5172,230.0,159.0,0.0,Rondônia
06/02/2020,5477,305.0,172.0,0.0,Rondônia
06/03/2020,5804,327.0,172.0,0.0,Rondônia
06/04/2020,6131,327.0,172.0,0.0,Rondônia
06/05/2020,6459,328.0,194.0,0.0,Rondônia
06/06/2020,6862,403.0,213.0,0.0,Rondônia
06/07/2020,7700,838.0,228.0,0.0,Rondônia
06/08/2020,8460,760.0,228.0,0.0,Rondônia
06/09/2020,9220,760.0,255.0,0.0,Rondônia
06/10/2020,9850,630.0,267.0,0.0,Rondônia
06/11/2020,10537,687.0,267.0,0.0,Rondônia
06/12/2020,11224,687.0,296.0,0.0,Rondônia
06/13/2020,11710,486.0,309.0,0.0,Rondônia
06/14/2020,11865,155.0,324.0,0.0,Rondônia
06/15/2020,12180,315.0,332.0,0.0,Rondônia
06/16/2020,13010,830.0,346.0,0.0,Rondônia
06/17/2020,13567,557.0,360.0,0.0,Rondônia
06/18/2020,13804,237.0,374.0,0.0,Rondônia
06/19/2020,14353,549.0,391.0,0.0,Rondônia
06/20/2020,14652,299.0,391.0,0.0,Rondônia
06/21/2020,14952,300.0,409.0,0.0,Rondônia
06/22/2020,15827,875.0,431.0,0.0,Rondônia
06/23/2020,16498,671.0,444.0,0.0,Rondônia
06/24/2020,17424,926.0,455.0,0.0,Rondônia
06/25/2020,18173,749.0,467.0,0.0,Rondônia
04/08/2020,42,749.0,1.0,0.0,Roraima
04/14/2020,83,41.0,3.0,0.0,Roraima
04/15/2020,113,30.0,3.0,0.0,Roraima
04/16/2020,142,29.0,3.0,0.0,Roraima
04/17/2020,164,22.0,3.0,0.0,Roraima
04/18/2020,201,37.0,3.0,0.0,Roraima
04/19/2020,222,21.0,3.0,0.0,Roraima
04/20/2020,244,22.0,3.0,0.0,Roraima
04/21/2020,247,3.0,3.0,0.0,Roraima
04/22/2020,280,33.0,3.0,0.0,Roraima
04/23/2020,297,17.0,3.0,0.0,Roraima
04/24/2020,304,7.0,3.0,0.0,Roraima
04/26/2020,401,97.0,4.0,0.0,Roraima
04/27/2020,407,6.0,4.0,0.0,Roraima
04/28/2020,425,18.0,6.0,0.0,Roraima
04/29/2020,452,27.0,6.0,0.0,Roraima
04/30/2020,519,67.0,7.0,0.0,Roraima
05/01/2020,602,83.0,8.0,0.0,Roraima
05/02/2020,668,66.0,9.0,0.0,Roraima
05/03/2020,740,72.0,11.0,0.0,Roraima
05/04/2020,806,66.0,11.0,0.0,Roraima
05/05/2020,869,63.0,11.0,0.0,Roraima
05/06/2020,932,63.0,13.0,0.0,Roraima
05/07/2020,1020,88.0,14.0,0.0,Roraima
05/08/2020,1124,104.0,16.0,0.0,Roraima
05/09/2020,1202,78.0,18.0,0.0,Roraima
05/10/2020,1290,88.0,21.0,0.0,Roraima
05/11/2020,1295,5.0,24.0,0.0,Roraima
05/12/2020,1328,33.0,27.0,0.0,Roraima
05/13/2020,1411,83.0,29.0,0.0,Roraima
05/14/2020,1500,89.0,29.0,0.0,Roraima
05/15/2020,1589,89.0,40.0,0.0,Roraima
05/16/2020,1706,117.0,49.0,0.0,Roraima
05/17/2020,1791,85.0,51.0,0.0,Roraima
05/18/2020,1876,85.0,60.0,0.0,Roraima
05/19/2020,1985,109.0,61.0,0.0,Roraima
05/20/2020,2067,82.0,64.0,0.0,Roraima
05/21/2020,2146,79.0,72.0,0.0,Roraima
05/22/2020,2306,160.0,83.0,0.0,Roraima
05/23/2020,2374,68.0,83.0,0.0,Roraima
05/24/2020,2439,65.0,84.0,0.0,Roraima
05/25/2020,2514,75.0,86.0,0.0,Roraima
05/26/2020,2583,69.0,102.0,0.0,Roraima
05/27/2020,2682,99.0,102.0,0.0,Roraima
05/28/2020,2959,277.0,102.0,0.0,Roraima
05/29/2020,3098,139.0,108.0,0.0,Roraima
05/30/2020,3299,201.0,110.0,0.0,Roraima
05/31/2020,3474,175.0,116.0,0.0,Roraima
06/01/2020,3692,218.0,116.0,0.0,Roraima
06/02/2020,3850,158.0,120.0,0.0,Roraima
06/03/2020,4061,211.0,120.0,0.0,Roraima
06/04/2020,4272,211.0,120.0,0.0,Roraima
06/05/2020,4483,211.0,127.0,0.0,Roraima
06/06/2020,4831,348.0,139.0,0.0,Roraima
06/07/2020,5238,407.0,139.0,0.0,Roraima
06/08/2020,5647,409.0,139.0,0.0,Roraima
06/09/2020,6056,409.0,168.0,0.0,Roraima
06/10/2020,6347,291.0,182.0,0.0,Roraima
06/11/2020,6529,182.0,182.0,0.0,Roraima
06/12/2020,6712,183.0,192.0,0.0,Roraima
06/13/2020,6842,130.0,197.0,0.0,Roraima
06/14/2020,6875,33.0,200.0,0.0,Roraima
06/15/2020,6881,6.0,203.0,0.0,Roraima
06/16/2020,6935,54.0,216.0,0.0,Roraima
06/17/2020,7150,215.0,224.0,0.0,Roraima
06/18/2020,7421,271.0,231.0,0.0,Roraima
06/19/2020,7650,229.0,239.0,0.0,Roraima
06/20/2020,7843,193.0,239.0,0.0,Roraima
06/21/2020,8037,194.0,245.0,0.0,Roraima
06/22/2020,8188,151.0,251.0,0.0,Roraima
06/23/2020,10340,2152.0,255.0,0.0,Roraima
06/24/2020,10803,463.0,259.0,0.0,Roraima
06/25/2020,11872,1069.0,271.0,0.0,Roraima
04/08/2020,417,1069.0,11.0,0.0,Santa Catarina
04/15/2020,826,409.0,26.0,0.0,Santa Catarina
04/16/2020,884,58.0,29.0,0.0,Santa Catarina
04/17/2020,926,42.0,30.0,0.0,Santa Catarina
04/18/2020,962,36.0,31.0,0.0,Santa Catarina
04/19/2020,975,13.0,32.0,0.0,Santa Catarina
04/20/2020,1025,50.0,35.0,0.0,Santa Catarina
04/21/2020,1063,38.0,35.0,0.0,Santa Catarina
04/22/2020,1091,28.0,37.0,0.0,Santa Catarina
04/23/2020,1115,24.0,39.0,0.0,Santa Catarina
04/24/2020,1170,55.0,42.0,0.0,Santa Catarina
04/26/2020,1235,65.0,42.0,0.0,Santa Catarina
04/27/2020,1337,102.0,43.0,0.0,Santa Catarina
04/28/2020,1476,139.0,44.0,0.0,Santa Catarina
04/29/2020,1995,519.0,44.0,0.0,Santa Catarina
04/30/2020,2085,90.0,46.0,0.0,Santa Catarina
05/01/2020,2394,309.0,48.0,0.0,Santa Catarina
05/02/2020,2435,41.0,52.0,0.0,Santa Catarina
05/03/2020,2477,42.0,52.0,0.0,Santa Catarina
05/04/2020,2519,42.0,52.0,0.0,Santa Catarina
05/05/2020,2623,104.0,55.0,0.0,Santa Catarina
05/06/2020,2917,294.0,59.0,0.0,Santa Catarina
05/07/2020,3082,165.0,63.0,0.0,Santa Catarina
05/08/2020,3205,123.0,63.0,0.0,Santa Catarina
05/09/2020,3372,167.0,64.0,0.0,Santa Catarina
05/10/2020,3429,57.0,65.0,0.0,Santa Catarina
05/11/2020,3529,100.0,69.0,0.0,Santa Catarina
05/12/2020,3733,204.0,73.0,0.0,Santa Catarina
05/13/2020,3828,95.0,73.0,0.0,Santa Catarina
05/14/2020,4195,367.0,73.0,0.0,Santa Catarina
05/15/2020,4562,367.0,79.0,0.0,Santa Catarina
05/16/2020,4678,116.0,81.0,0.0,Santa Catarina
05/17/2020,4776,98.0,83.0,0.0,Santa Catarina
05/18/2020,5175,399.0,85.0,0.0,Santa Catarina
05/19/2020,5413,238.0,91.0,0.0,Santa Catarina
05/20/2020,5499,86.0,94.0,0.0,Santa Catarina
05/21/2020,5610,111.0,98.0,0.0,Santa Catarina
05/22/2020,6458,848.0,100.0,0.0,Santa Catarina
05/23/2020,6607,149.0,103.0,0.0,Santa Catarina
05/24/2020,6696,89.0,105.0,0.0,Santa Catarina
05/25/2020,6875,179.0,109.0,0.0,Santa Catarina
05/26/2020,7016,141.0,121.0,0.0,Santa Catarina
05/27/2020,7372,356.0,126.0,0.0,Santa Catarina
05/28/2020,8000,628.0,131.0,0.0,Santa Catarina
05/29/2020,8530,530.0,134.0,0.0,Santa Catarina
05/30/2020,8778,248.0,136.0,0.0,Santa Catarina
05/31/2020,9037,259.0,143.0,0.0,Santa Catarina
06/01/2020,9498,461.0,146.0,0.0,Santa Catarina
06/02/2020,9660,162.0,148.0,0.0,Santa Catarina
06/03/2020,9950,290.0,148.0,0.0,Santa Catarina
06/04/2020,10241,291.0,148.0,0.0,Santa Catarina
06/05/2020,10532,291.0,156.0,0.0,Santa Catarina
06/06/2020,10846,314.0,159.0,0.0,Santa Catarina
06/07/2020,11285,439.0,166.0,0.0,Santa Catarina
06/08/2020,11738,453.0,166.0,0.0,Santa Catarina
06/09/2020,12192,454.0,179.0,0.0,Santa Catarina
06/10/2020,12594,402.0,184.0,0.0,Santa Catarina
06/11/2020,12879,285.0,184.0,0.0,Santa Catarina
06/12/2020,13165,286.0,191.0,0.0,Santa Catarina
06/13/2020,13296,131.0,193.0,0.0,Santa Catarina
06/14/2020,13360,64.0,195.0,0.0,Santa Catarina
06/15/2020,13960,600.0,199.0,0.0,Santa Catarina
06/16/2020,14402,442.0,212.0,0.0,Santa Catarina
06/17/2020,15015,613.0,216.0,0.0,Santa Catarina
06/18/2020,15573,558.0,222.0,0.0,Santa Catarina
06/19/2020,16322,749.0,234.0,0.0,Santa Catarina
06/20/2020,16715,393.0,234.0,0.0,Santa Catarina
06/21/2020,17108,393.0,237.0,0.0,Santa Catarina
06/22/2020,17937,829.0,256.0,0.0,Santa Catarina
06/23/2020,19244,1307.0,263.0,0.0,Santa Catarina
06/24/2020,20921,1677.0,279.0,0.0,Santa Catarina
06/25/2020,21951,1030.0,289.0,0.0,Santa Catarina
04/08/2020,5682,1030.0,371.0,0.0,São Paulo
04/15/2020,9371,3689.0,695.0,0.0,São Paulo
04/16/2020,11568,2197.0,853.0,0.0,São Paulo
04/17/2020,12841,1273.0,928.0,0.0,São Paulo
04/18/2020,13894,1053.0,991.0,0.0,São Paulo
04/19/2020,14267,373.0,1015.0,0.0,São Paulo
04/20/2020,14580,313.0,1037.0,0.0,São Paulo
04/21/2020,15385,805.0,1093.0,0.0,São Paulo
04/22/2020,15914,529.0,1134.0,0.0,São Paulo
04/23/2020,16740,826.0,1345.0,0.0,São Paulo
04/24/2020,17826,1086.0,1512.0,0.0,São Paulo
04/26/2020,20715,2889.0,1700.0,0.0,São Paulo
04/27/2020,21696,981.0,1825.0,0.0,São Paulo
04/28/2020,24041,2345.0,2049.0,0.0,São Paulo
04/29/2020,26158,2117.0,2247.0,0.0,São Paulo
04/30/2020,28698,2540.0,2375.0,0.0,São Paulo
05/01/2020,30374,1676.0,2511.0,0.0,São Paulo
05/02/2020,31174,800.0,2586.0,0.0,São Paulo
05/03/2020,31772,598.0,2627.0,0.0,São Paulo
05/04/2020,32187,415.0,2654.0,0.0,São Paulo
05/05/2020,34053,1866.0,2851.0,0.0,São Paulo
05/06/2020,37853,3800.0,3045.0,0.0,São Paulo
05/07/2020,39928,2075.0,3206.0,0.0,São Paulo
05/08/2020,41830,1902.0,3416.0,0.0,São Paulo
05/09/2020,44411,2581.0,3608.0,0.0,São Paulo
05/10/2020,45444,1033.0,3709.0,0.0,São Paulo
05/11/2020,46131,687.0,3743.0,0.0,São Paulo
05/12/2020,47719,1588.0,3949.0,0.0,São Paulo
05/13/2020,51097,3378.0,4118.0,0.0,São Paulo
05/14/2020,54737,3640.0,4118.0,0.0,São Paulo
05/15/2020,58378,3641.0,4501.0,0.0,São Paulo
05/16/2020,61183,2805.0,4688.0,0.0,São Paulo
05/17/2020,62345,1162.0,4782.0,0.0,São Paulo
05/18/2020,63066,721.0,4823.0,0.0,São Paulo
05/19/2020,65995,2929.0,5147.0,0.0,São Paulo
05/20/2020,69859,3864.0,5363.0,0.0,São Paulo
05/21/2020,73739,3880.0,5558.0,0.0,São Paulo
05/22/2020,76871,3132.0,5773.0,0.0,São Paulo
05/23/2020,80558,3687.0,6045.0,0.0,São Paulo
05/24/2020,82161,1603.0,6163.0,0.0,São Paulo
05/25/2020,83625,1464.0,6220.0,0.0,São Paulo
05/26/2020,86017,2392.0,6423.0,0.0,São Paulo
05/27/2020,89483,3466.0,6712.0,0.0,São Paulo
05/28/2020,95865,6382.0,6980.0,0.0,São Paulo
05/29/2020,101556,5691.0,7275.0,0.0,São Paulo
05/30/2020,107142,5586.0,7532.0,0.0,São Paulo
05/31/2020,109698,2556.0,7615.0,0.0,São Paulo
06/01/2020,111296,1598.0,7667.0,0.0,São Paulo
06/02/2020,118295,6999.0,7994.0,0.0,São Paulo
06/03/2020,121930,3635.0,7994.0,0.0,São Paulo
06/04/2020,125565,3635.0,7994.0,0.0,São Paulo
06/05/2020,129200,3635.0,8560.0,0.0,São Paulo
06/06/2020,134565,5365.0,8842.0,0.0,São Paulo
06/07/2020,140549,5984.0,9058.0,0.0,São Paulo
06/08/2020,145343,4794.0,9058.0,0.0,São Paulo
06/09/2020,150138,4795.0,9522.0,0.0,São Paulo
06/10/2020,156316,6178.0,9862.0,0.0,São Paulo
06/11/2020,162108,5792.0,9862.0,0.0,São Paulo
06/12/2020,167900,5792.0,10368.0,0.0,São Paulo
06/13/2020,172875,4975.0,10581.0,0.0,São Paulo
06/14/2020,178202,5327.0,10694.0,0.0,São Paulo
06/15/2020,181460,3258.0,10767.0,0.0,São Paulo
06/16/2020,190285,8825.0,11132.0,0.0,São Paulo
06/17/2020,191517,1232.0,11521.0,0.0,São Paulo
06/18/2020,192628,1111.0,11846.0,0.0,São Paulo
06/19/2020,211658,19030.0,12232.0,0.0,São Paulo
06/20/2020,213725,2067.0,12232.0,0.0,São Paulo
06/21/2020,215793,2068.0,12494.0,0.0,São Paulo
06/22/2020,221973,6180.0,12634.0,0.0,São Paulo
06/23/2020,229475,7502.0,13068.0,0.0,São Paulo
06/24/2020,238822,9347.0,13352.0,0.0,São Paulo
06/25/2020,248587,9765.0,13759.0,0.0,São Paulo
04/08/2020,36,9765.0,4.0,0.0,Sergipe
04/15/2020,45,9.0,4.0,0.0,Sergipe
04/16/2020,48,3.0,4.0,0.0,Sergipe
04/17/2020,53,5.0,4.0,0.0,Sergipe
04/18/2020,71,18.0,5.0,0.0,Sergipe
04/19/2020,83,12.0,5.0,0.0,Sergipe
04/20/2020,86,3.0,5.0,0.0,Sergipe
04/21/2020,92,6.0,5.0,0.0,Sergipe
04/22/2020,117,25.0,7.0,0.0,Sergipe
04/23/2020,124,7.0,8.0,0.0,Sergipe
04/24/2020,144,20.0,8.0,0.0,Sergipe
04/26/2020,159,15.0,9.0,0.0,Sergipe
04/27/2020,197,38.0,10.0,0.0,Sergipe
04/28/2020,280,83.0,11.0,0.0,Sergipe
04/29/2020,337,57.0,12.0,0.0,Sergipe
04/30/2020,447,110.0,12.0,0.0,Sergipe
05/01/2020,517,70.0,14.0,0.0,Sergipe
05/02/2020,601,84.0,14.0,0.0,Sergipe
05/03/2020,730,129.0,14.0,0.0,Sergipe
05/04/2020,772,42.0,17.0,0.0,Sergipe
05/05/2020,898,126.0,21.0,0.0,Sergipe
05/06/2020,998,100.0,23.0,0.0,Sergipe
05/07/2020,1214,216.0,25.0,0.0,Sergipe
05/08/2020,1438,224.0,28.0,0.0,Sergipe
05/09/2020,1588,150.0,33.0,0.0,Sergipe
05/10/2020,1771,183.0,34.0,0.0,Sergipe
05/11/2020,1800,29.0,37.0,0.0,Sergipe
05/12/2020,2032,232.0,37.0,0.0,Sergipe
05/13/2020,2268,236.0,42.0,0.0,Sergipe
05/14/2020,2568,300.0,42.0,0.0,Sergipe
05/15/2020,2868,300.0,50.0,0.0,Sergipe
05/16/2020,3135,267.0,53.0,0.0,Sergipe
05/17/2020,3343,208.0,57.0,0.0,Sergipe
05/18/2020,3566,223.0,59.0,0.0,Sergipe
05/19/2020,3967,401.0,63.0,0.0,Sergipe
05/20/2020,4277,310.0,69.0,0.0,Sergipe
05/21/2020,4734,457.0,76.0,0.0,Sergipe
05/22/2020,4922,188.0,82.0,0.0,Sergipe
05/23/2020,5131,209.0,86.0,0.0,Sergipe
05/24/2020,5314,183.0,93.0,0.0,Sergipe
05/25/2020,5448,134.0,103.0,0.0,Sergipe
05/26/2020,5735,287.0,116.0,0.0,Sergipe
05/27/2020,5912,177.0,127.0,0.0,Sergipe
05/28/2020,6156,244.0,135.0,0.0,Sergipe
05/29/2020,6462,306.0,142.0,0.0,Sergipe
05/30/2020,6805,343.0,149.0,0.0,Sergipe
05/31/2020,6999,194.0,158.0,0.0,Sergipe
06/01/2020,7233,234.0,166.0,0.0,Sergipe
06/02/2020,7555,322.0,172.0,0.0,Sergipe
06/03/2020,7770,215.0,172.0,0.0,Sergipe
06/04/2020,7985,215.0,172.0,0.0,Sergipe
06/05/2020,8200,215.0,186.0,0.0,Sergipe
06/06/2020,8577,377.0,198.0,0.0,Sergipe
06/07/2020,8972,395.0,208.0,0.0,Sergipe
06/08/2020,9549,577.0,208.0,0.0,Sergipe
06/09/2020,10126,577.0,252.0,0.0,Sergipe
06/10/2020,10615,489.0,264.0,0.0,Sergipe
06/11/2020,11074,459.0,264.0,0.0,Sergipe
06/12/2020,11534,460.0,305.0,0.0,Sergipe
06/13/2020,12866,1332.0,316.0,0.0,Sergipe
06/14/2020,13968,1102.0,330.0,0.0,Sergipe
06/15/2020,15675,1707.0,352.0,0.0,Sergipe
06/16/2020,16310,635.0,364.0,0.0,Sergipe
06/17/2020,16807,497.0,383.0,0.0,Sergipe
06/18/2020,17338,531.0,400.0,0.0,Sergipe
06/19/2020,17808,470.0,426.0,0.0,Sergipe
06/20/2020,18128,320.0,426.0,0.0,Sergipe
06/21/2020,18449,321.0,448.0,0.0,Sergipe
06/22/2020,19384,935.0,491.0,0.0,Sergipe
06/23/2020,19883,499.0,511.0,0.0,Sergipe
06/24/2020,20353,470.0,524.0,0.0,Sergipe
06/25/2020,21081,728.0,554.0,0.0,Sergipe
04/08/2020,19,728.0,0.0,0.0,Tocantins
04/14/2020,26,7.0,0.0,0.0,Tocantins
04/15/2020,26,0.0,0.0,0.0,Tocantins
04/16/2020,29,3.0,1.0,0.0,Tocantins
04/17/2020,31,2.0,1.0,0.0,Tocantins
04/18/2020,33,2.0,1.0,0.0,Tocantins
04/20/2020,34,1.0,1.0,0.0,Tocantins
04/21/2020,37,3.0,1.0,0.0,Tocantins
04/23/2020,37,0.0,2.0,0.0,Tocantins
04/24/2020,43,6.0,2.0,0.0,Tocantins
04/26/2020,58,15.0,2.0,0.0,Tocantins
04/27/2020,67,9.0,2.0,0.0,Tocantins
04/28/2020,79,12.0,2.0,0.0,Tocantins
04/29/2020,116,37.0,3.0,0.0,Tocantins
04/30/2020,137,21.0,3.0,0.0,Tocantins
05/01/2020,164,27.0,3.0,0.0,Tocantins
05/02/2020,191,27.0,4.0,0.0,Tocantins
05/03/2020,246,55.0,4.0,0.0,Tocantins
05/04/2020,267,21.0,6.0,0.0,Tocantins
05/05/2020,303,36.0,7.0,0.0,Tocantins
05/06/2020,351,48.0,9.0,0.0,Tocantins
05/07/2020,423,72.0,9.0,0.0,Tocantins
05/08/2020,494,71.0,9.0,0.0,Tocantins
05/09/2020,572,78.0,9.0,0.0,Tocantins
05/10/2020,688,116.0,11.0,0.0,Tocantins
05/11/2020,747,59.0,12.0,0.0,Tocantins
05/12/2020,828,81.0,14.0,0.0,Tocantins
05/13/2020,932,104.0,21.0,0.0,Tocantins
05/14/2020,1055,123.0,21.0,0.0,Tocantins
05/15/2020,1179,124.0,24.0,0.0,Tocantins
05/16/2020,1279,100.0,27.0,0.0,Tocantins
05/17/2020,1382,103.0,31.0,0.0,Tocantins
05/18/2020,1496,114.0,32.0,0.0,Tocantins
05/19/2020,1646,150.0,38.0,0.0,Tocantins
05/20/2020,1809,163.0,42.0,0.0,Tocantins
05/21/2020,1976,167.0,47.0,0.0,Tocantins
05/22/2020,2205,229.0,49.0,0.0,Tocantins
05/23/2020,2430,225.0,51.0,0.0,Tocantins
05/24/2020,2591,161.0,52.0,0.0,Tocantins
05/25/2020,2696,105.0,58.0,0.0,Tocantins
05/26/2020,2858,162.0,64.0,0.0,Tocantins
05/27/2020,3023,165.0,65.0,0.0,Tocantins
05/28/2020,3277,254.0,68.0,0.0,Tocantins
05/29/2020,3611,334.0,70.0,0.0,Tocantins
05/30/2020,3981,370.0,71.0,0.0,Tocantins
05/31/2020,4176,195.0,73.0,0.0,Tocantins
06/01/2020,4345,169.0,76.0,0.0,Tocantins
06/02/2020,4483,138.0,79.0,0.0,Tocantins
06/03/2020,4615,132.0,79.0,0.0,Tocantins
06/04/2020,4748,133.0,79.0,0.0,Tocantins
06/05/2020,4881,133.0,87.0,0.0,Tocantins
06/06/2020,5182,301.0,89.0,0.0,Tocantins
06/07/2020,5505,323.0,96.0,0.0,Tocantins
06/08/2020,5778,273.0,96.0,0.0,Tocantins
06/09/2020,6052,274.0,114.0,0.0,Tocantins
06/10/2020,6257,205.0,120.0,0.0,Tocantins
06/11/2020,6500,243.0,120.0,0.0,Tocantins
06/12/2020,6744,244.0,128.0,0.0,Tocantins
06/13/2020,6931,187.0,130.0,0.0,Tocantins
06/14/2020,6972,41.0,132.0,0.0,Tocantins
06/15/2020,7137,165.0,136.0,0.0,Tocantins
06/16/2020,7309,172.0,140.0,0.0,Tocantins
06/17/2020,7573,264.0,149.0,0.0,Tocantins
06/18/2020,7774,201.0,152.0,0.0,Tocantins
06/19/2020,7956,182.0,159.0,0.0,Tocantins
06/20/2020,8079,123.0,159.0,0.0,Tocantins
06/21/2020,8203,124.0,167.0,0.0,Tocantins
06/22/2020,8477,274.0,178.0,0.0,Tocantins
06/23/2020,8766,289.0,179.0,0.0,Tocantins
06/24/2020,9098,332.0,181.0,0.0,Tocantins
06/25/2020,9425,327.0,183.0,0.0,Tocantins
